,Name,GP,MP,USG%,TOV%,STL%,AST%,ORB%,DRB%,FTR,PF,FT%,RIM FGM,RIM FGA,3-10 FGM,3-10 FGA,10-16 FGM,10-16 FGA,16-23 FGM,16-23 FGA,MR FGM,MR FGA,3P%,RIM DFGA,RIM DFG%
0,Alex Abrines,46,643,16,9.5,1.6,5.2,2.1,6.7,0.204,2,0,10,21,5,11,2,10,7,14,14,35,0,74,70.3
1,Quincy Acy,18,182,19.5,8.7,0.8,1.8,7.7,15.5,0.308,25,0.85,10,21,3,6,2,3,1,4,6,13,0.467,5,80
2,Steven Adams,55,1695,16.8,16.3,1.7,5.6,12.6,15.9,0.369,131,0.674,175,269,83,172,9,23,0,2,92,197,0,294,58.5
3,Arron Afflalo,49,1253,13.8,8.6,0.7,7.4,0.8,7.8,0.216,87,0.884,18,34,18,37,22,51,31,73,71,161,0.39,70,72.9
4,Alexis Ajinca,23,350,16.3,16.3,1.7,3,7.7,23.7,0.247,44,0.708,23,34,7,18,7,13,8,29,22,60,0,68,60.3
5,Cole Aldrich,51,472,9,13.5,2.5,7.3,11.4,24.3,0.284,80,0.667,28,41,11,32,0,1,0,0,11,33,0,111,65.8
6,LaMarcus Aldridge,51,1649,24.6,8.2,0.9,10.6,8.4,17.1,0.305,121,0.815,115,161,57,149,54,137,106,242,217,528,0.421,194,50
7,Lavoy Allen,42,588,10.2,13.5,1.1,9.1,9.9,12.8,0.187,52,0.65,13,30,16,29,2,7,16,40,34,76,0,69,59.4
8,Tony Allen,49,1366,17.8,13.7,3.3,7.1,9.3,13.8,0.251,127,0.629,152,276,19,70,5,13,8,29,32,112,0.226,101,60.4
9,Al-Farouq Aminu,37,1075,15.5,14.8,1.7,10.1,4.3,24,0.228,67,0.746,42,80,9,43,3,11,7,15,19,69,0.307,156,52.6
10,Chris Andersen,12,114,12.8,15.1,2.2,5.9,8.9,20.7,0.636,20,0.714,7,14,1,1,0,1,1,3,2,5,0,32,59.4
11,Alan Anderson,23,266,13.8,8.5,0.6,5.7,1.3,8.1,0.171,27,0.75,9,11,1,7,1,5,2,8,4,20,0.308,22,77.3
12,Justin Anderson,51,710,23.7,11.3,2.1,7.6,6.1,19.1,0.319,64,0.795,54,81,14,42,4,16,1,14,19,72,0.303,60,71.7
13,Kyle Anderson,51,671,11.5,15.8,2.5,11,3.5,18.6,0.355,37,0.795,22,33,12,29,4,17,6,21,22,67,0.375,64,51.6
14,Ryan Anderson,55,1695,17.7,7,0.8,4.6,6,12.2,0.207,115,0.847,50,91,18,50,8,21,20,55,46,126,0.407,223,66.4
15,Giannis Antetokounmpo,54,1914,28.3,13.5,2.5,26.4,6.2,21.3,0.456,177,0.792,302,427,53,129,20,59,42,114,115,302,0.275,243,53.1
16,Carmelo Anthony,56,1906,29.6,8.7,1.3,14.9,2.7,16.3,0.271,151,0.824,82,147,37,80,89,212,145,312,271,604,0.378,156,62.2
17,Trevor Ariza,58,2009,14.3,7.9,2.7,9,2.2,15.7,0.133,93,0.718,73,113,11,32,4,9,5,20,20,61,0.353,165,70.3
18,Darrell Arthur,29,473,18,14.9,0.8,10,4.9,14.5,0.06,59,0.9,12,21,0,6,7,13,16,37,23,56,0.489,71,57.7
19,Omer Asik,31,482,8.9,14.6,0.5,4.3,10.4,25.3,0.6,51,0.59,30,58,0,6,0,0,14,16,14,22,0,98,59.2
20,D.J. Augustin,57,1177,19.4,12.8,1,22.2,0.8,7.3,0.31,78,0.779,32,63,17,39,7,25,19,50,43,114,0.361,61,77
21,Luke Babbitt,48,752,13,7.7,1,4.4,1.6,12.8,0.076,80,0.733,2,10,2,9,10,23,8,18,20,50,0.387,81,59.3
22,Ron Baker,28,328,15.7,16.7,2.4,13.9,2,11.4,0.22,29,0.6,16,33,1,6,2,3,2,8,5,17,0.317,28,57.1
23,Wade Baldwin,24,309,18.9,24,2.3,24,2.5,9.8,0.381,31,0.844,11,25,3,11,6,18,4,12,13,41,0.111,30,66.7
24,Leandro Barbosa,53,696,19.3,8.5,1.6,14.2,1.7,10.5,0.089,56,0.84,56,94,8,30,9,24,25,69,42,123,0.422,35,65.7
25,J.J. Barea,18,444,25.4,13.1,1.1,35.2,1.3,13,0.172,13,0.939,17,33,14,37,13,24,11,24,38,85,0.351,22,77.3
26,Harrison Barnes,56,2007,26.2,6.4,1.3,8,3.9,13.8,0.197,90,0.841,108,155,85,169,86,189,109,261,280,619,0.335,153,73.2
27,Matt Barnes,54,1367,16.4,16.8,1.3,16.4,4.7,20.5,0.172,138,0.758,45,80,21,51,1,12,11,30,33,93,0.327,133,72.2
28,Will Barton,42,1222,20.6,11.7,1.4,17.2,4.3,13.8,0.303,79,0.759,79,146,32,81,21,45,17,39,70,165,0.381,89,60.7
29,Brandon Bass,37,436,18.6,13.7,0.9,6.9,6.8,14.6,0.396,33,0.906,49,65,8,17,17,33,5,17,30,67,0.5,49,71.4
30,Nicolas Batum,53,1834,21.3,16.2,1.6,27.6,2.2,19.6,0.312,84,0.847,48,74,26,70,49,119,43,116,118,305,0.36,132,63.6
31,Aron Baynes,54,835,13.8,14.3,0.8,3,8.7,20.4,0.366,121,0.871,49,92,25,56,10,22,8,21,43,99,0,155,52.3
32,Kent Bazemore,54,1482,20.4,13.6,2.4,14.6,2.3,10.3,0.227,119,0.715,79,142,15,59,11,36,46,110,72,205,0.332,111,53.2
33,Bradley Beal,51,1757,26.4,9.9,1.5,17.1,2,7.4,0.268,111,0.811,121,199,35,83,29,64,65,126,129,273,0.402,113,75.2
34,Michael Beasley,47,792,24.4,13.5,1.5,10.3,5,19,0.282,75,0.71,70,101,41,81,23,51,26,60,90,192,0.432,88,56.8
35,Marco Belinelli,51,1257,19,9.3,1.3,12.1,0.9,10.1,0.235,69,0.885,36,54,10,25,10,24,54,124,74,173,0.376,65,83.1
36,DeAndre' Bembry,26,269,14.7,11.1,0.9,11.2,3.3,13.3,0.189,15,0.429,28,44,1,7,3,9,3,3,7,19,0,20,55
37,Dragan Bender,38,481,13.5,17.5,0.9,5,3.6,15.7,0.065,60,0.375,15,24,2,6,1,2,2,11,5,19,0.321,62,56.5
38,Anthony Bennett,23,264,19.4,10,0.9,7.1,10.1,21,0.391,18,0.722,23,34,2,8,0,1,0,1,2,10,0.271,31,71
39,Davis Bertans,48,556,15.3,10.6,1.3,8.8,3.2,10.3,0.194,55,0.8,18,26,2,6,0,1,4,9,6,16,0.389,98,58.2
40,Patrick Beverley,44,1343,14.1,14.2,2.3,20.2,4.7,15.8,0.118,143,0.814,43,71,27,63,8,21,3,14,38,98,0.39,141,68.1
41,Bismack Biyombo,57,1327,13.1,17.8,0.7,6.2,9,25.5,0.707,136,0.494,94,140,24,74,9,22,1,8,34,104,0,274,58.4
42,Nemanja Bjelica,55,947,16.5,14.2,1.8,9.4,4.5,17.9,0.179,124,0.74,41,67,24,49,3,8,4,9,31,66,0.311,147,55.1
43,Tarik Black,46,749,16.4,14.3,1.2,6.5,14.7,21.7,0.407,128,0.718,87,139,16,57,3,7,0,4,19,68,0.5,147,56.5
44,Eric Bledsoe,56,1861,28.2,14.7,2,31.5,2.9,14,0.442,146,0.85,154,252,61,127,37,92,53,154,151,373,0.332,174,64.9
45,Bojan Bogdanovic,55,1482,22.4,11.8,0.8,10.1,1.7,12.3,0.273,99,0.874,119,195,23,56,13,45,15,38,51,139,0.357,120,66.7
46,Andrew Bogut,26,582,10.5,33.4,1.2,12.3,10.5,34.3,0.136,84,0.273,21,37,16,38,1,5,0,1,17,44,0,95,52.6
47,Devin Booker,56,1933,27.9,12.7,1.2,15.6,1.9,7.2,0.286,178,0.827,126,212,51,126,50,149,90,219,191,494,0.367,138,57.2
48,Trevor Booker,51,1335,17.8,17,2.3,13.6,8.6,25.7,0.213,111,0.667,127,193,65,124,8,20,8,29,81,173,0.268,165,58.8
49,Avery Bradley,36,1257,22.5,10.3,1.9,11.3,3.6,18.6,0.117,98,0.762,89,140,16,45,24,42,51,126,91,213,0.409,98,68.4
50,Corey Brewer,58,923,13.1,12.7,2,9,2.5,11.2,0.194,104,0.727,52,87,15,38,2,5,3,3,20,46,0.234,78,64.1
51,Malcolm Brogdon,55,1406,18.1,15.2,2.3,23.9,2.7,9.3,0.215,101,0.851,94,172,19,58,14,42,12,39,45,139,0.417,115,72.2
52,Aaron Brooks,46,660,19.6,17.3,1.7,22.5,2.4,6.4,0.128,65,0.793,17,40,15,34,17,27,9,24,41,85,0.337,43,76.7
53,Anthony Brown,11,159,15.6,10.7,1.5,7.7,5.3,16.9,0,15,0,4,7,2,5,1,3,4,8,7,16,0.259,15,73.3
54,Jaylen Brown,53,821,18,11.2,1.3,6.1,3.8,14.8,0.337,91,0.721,65,109,14,39,5,19,3,15,22,73,0.304,63,54
55,Nicolas Brussino,36,246,14.1,15.1,2.1,15.4,4.5,16.5,0.155,21,0.667,3,4,2,2,1,2,5,11,8,15,0.308,23,56.5
56,Reggie Bullock,14,217,15,8.2,1.4,8,3,11.5,0.062,15,0.5,13,16,1,5,2,5,2,7,5,17,0.313,17,64.7
57,Trey Burke,51,643,19.6,14.7,0.8,21,1.3,6.6,0.107,49,0.72,18,35,9,20,23,44,30,73,62,137,0.417,43,69.8
58,Alec Burks,21,319,22.7,11.7,2,6.9,1.9,11.9,0.376,29,0.682,15,33,8,14,9,12,4,13,21,39,0.324,22,68.2
59,Jimmy Butler,51,1867,27.2,9.3,2.5,23.1,4.8,14,0.582,87,0.868,133,222,50,100,59,136,73,195,182,431,0.337,138,67.4
60,Jose Calderon,24,292,15.3,24.8,1.2,25.2,2.9,12.7,0.052,22,1,6,8,0,3,4,12,10,20,14,35,0.353,26,92.3
61,Kentavious Caldwell-Pope,52,1759,19.3,8.5,1.9,12.4,2.5,8.6,0.197,88,0.833,63,100,14,52,23,68,54,130,91,250,0.372,89,73
62,Isaiah Canaan,33,572,15,9.7,1.9,9,1.1,7.9,0.189,35,0.903,13,24,14,22,3,10,7,20,24,52,0.273,31,71
63,Clint Capela,43,1000,19.6,11.6,1,6.3,11.2,24.4,0.321,113,0.5,193,263,30,82,1,3,0,0,31,85,0,270,55.9
64,DeMarre Carroll,52,1418,15.8,7.7,2.2,5.3,3.7,13.1,0.204,102,0.77,43,70,24,59,9,21,14,33,47,113,0.352,145,55.9
65,Vince Carter,50,1202,15.4,6.8,1.7,11.7,2.3,13.2,0.25,114,0.721,33,66,14,31,2,16,10,28,26,75,0.365,81,56.8
66,Michael Carter-Williams,26,579,20.7,15.9,1.8,18.3,3.3,19.8,0.286,67,0.763,27,41,28,66,10,35,6,17,44,118,0.209,53,50.9
67,Omri Casspi,22,397,16.3,11.9,1.3,10.3,5.9,20.6,0.179,23,0.571,32,53,10,32,0,2,0,1,10,35,0.379,38,65.8
68,Willie Cauley-Stein,50,649,19.5,10.4,2,6.9,8.4,16,0.283,89,0.603,82,115,33,71,4,20,6,15,43,106,0,111,57.7
69,Tyson Chandler,47,1298,11.4,19.2,1.2,3.3,12.8,33.7,0.544,126,0.734,145,204,8,22,0,1,0,1,8,24,0,219,61.6
70,Wilson Chandler,50,1544,22.3,10.5,1.4,10.6,5.6,18.7,0.206,120,0.732,118,173,58,140,23,65,32,75,113,280,0.338,153,52.9
71,Marquese Chriss,57,1070,19.7,12.2,2,5.1,6.5,14.4,0.261,174,0.631,89,157,17,51,7,18,11,30,35,99,0.297,116,69
72,Semaj Christon,40,590,14.1,14.3,1.2,21.5,2.6,8,0.146,50,0.478,24,45,7,24,9,28,6,20,22,72,0.19,53,71.7
73,Ian Clark,51,727,18.9,10.4,1.8,12.1,2,8.6,0.149,51,0.75,38,60,15,34,16,35,15,28,46,97,0.396,40,75
74,Jordan Clarkson,58,1587,23.1,12.7,2.2,12.6,2.6,9.1,0.157,110,0.782,109,175,61,143,34,78,40,88,135,309,0.332,108,68.5
75,Darren Collison,49,1516,19.7,12.4,1.7,22.4,1.5,6.5,0.223,92,0.856,80,126,34,81,20,43,59,133,113,257,0.421,61,73.8
76,Mike Conley,46,1503,26.1,12.1,2.1,34.6,1.8,10.7,0.35,78,0.861,78,130,37,87,25,62,42,115,104,264,0.41,122,71.3
77,Pat Connaughton,27,195,11,12.3,1,10.8,5,12.7,0.231,13,0.778,10,16,1,3,0,1,0,2,1,6,0.438,17,41.2
78,DeMarcus Cousins,55,1891,37.5,13.2,2,27.9,7.1,29.1,0.491,203,0.77,224,365,104,255,18,65,64,164,186,484,0.354,281,53.4
79,Robert Covington,50,1554,18.7,14.4,3,8,5.1,16.8,0.222,149,0.791,80,139,12,49,3,9,3,13,18,71,0.327,135,59.3
80,Allen Crabbe,56,1594,14.9,9,1,6.5,1,9.8,0.213,124,0.865,43,66,16,45,11,31,48,105,75,181,0.43,89,70.8
81,Jamal Crawford,56,1504,23.2,13,1.4,16.6,1,5.9,0.214,79,0.842,34,58,28,77,32,77,80,186,140,340,0.344,82,64.6
82,Jae Crowder,47,1527,16.6,8.3,1.6,9.9,2.2,15.9,0.254,108,0.866,71,88,7,22,5,16,28,77,40,115,0.405,103,65
83,Dante Cunningham,42,1056,11,7.2,1,3.9,3.5,14.2,0.059,69,0.571,35,61,9,23,2,6,10,26,21,55,0.388,136,64
84,Seth Curry,52,1468,18.9,10.9,2.2,16.3,1.7,9.3,0.121,98,0.8,42,67,34,60,19,41,38,94,91,195,0.416,76,73.7
85,Stephen Curry,55,1838,29,12.7,2.4,29.1,2.1,11.4,0.256,120,0.916,134,208,30,66,21,46,51,116,102,228,0.41,90,70
86,Troy Daniels,43,742,22.1,7.2,1,6.5,1.9,6.9,0.139,59,0.818,6,18,4,10,5,14,21,53,30,77,0.392,64,64.1
87,Anthony Davis,53,1927,32.5,9.9,1.7,11.7,6.5,28.3,0.428,125,0.801,192,281,122,248,95,204,104,252,321,704,0.306,285,55.4
88,Deyonta Davis,25,183,13.2,14.9,0.3,1.7,10.3,21.7,0.385,31,0.533,16,26,3,5,0,1,1,7,4,13,0,32,40.6
89,Ed Davis,45,776,11.8,17.3,1,4.9,13.1,20.8,0.54,134,0.627,58,100,15,38,1,1,0,0,16,39,0,120,55.8
90,Dewayne Dedmon,50,865,12.6,14.1,1.6,4.7,11,31.2,0.365,121,0.708,87,123,16,38,4,10,4,7,24,55,0,138,49.3
91,Sam Dekker,58,1143,15.9,8.7,1.4,8.1,7.8,14,0.154,67,0.589,102,154,11,35,2,5,5,9,18,49,0.323,140,61.4
92,Malcolm Delaney,56,991,18.9,17.8,1.5,22.9,0.9,10.1,0.233,88,0.811,18,40,7,18,7,23,68,147,82,188,0.258,46,82.6
93,Matthew Dellavedova,50,1325,15.9,19.5,1.6,27.3,1.5,7.2,0.206,102,0.803,23,55,37,88,16,39,11,28,64,155,0.363,86,66.3
94,Luol Deng,54,1455,14.2,8.7,1.6,7,4.4,17.5,0.152,59,0.73,72,115,14,40,9,34,15,63,38,137,0.315,154,68.2
95,DeMar DeRozan,50,1775,34.2,8.6,1.6,19.3,3.1,13.9,0.407,95,0.845,102,148,116,250,129,268,125,318,370,836,0.253,101,67.3
96,Boris Diaw,48,872,15.6,22.1,0.8,18.4,3.6,9.1,0.112,59,0.792,54,78,13,32,8,16,5,30,26,78,0.263,103,61.2
97,Gorgui Dieng,57,1825,14.5,12.4,1.6,8.6,8.1,20.7,0.22,183,0.781,100,159,43,88,28,64,63,137,134,289,0.379,345,60.6
98,Spencer Dinwiddie,33,705,14.4,16,1.2,19.8,1.8,11.1,0.423,66,0.845,27,50,13,34,5,19,10,18,28,71,0.417,55,61.8
99,Toney Douglas,14,241,18.2,15.5,2.4,21,2.3,17,0.274,29,0.85,5,11,4,9,3,9,9,17,16,35,0.222,19,57.9
100,Goran Dragic,49,1680,26.6,15.3,1.5,31,2.4,10,0.331,137,0.785,125,201,63,133,57,131,36,92,156,356,0.428,140,57.9
101,Andre Drummond,56,1705,23.5,13,2.9,5.6,14.6,36.2,0.366,164,0.439,225,330,107,289,21,43,0,4,128,336,0.333,264,61.7
102,Jared Dudley,40,828,13.7,16,1.4,11.2,2.6,15.5,0.197,97,0.634,27,38,3,8,6,12,14,32,23,52,0.432,112,58
103,Mike Dunleavy,41,658,14,11.9,0.8,8.1,2.1,13,0.174,54,0.767,23,35,0,7,2,5,6,17,8,29,0.389,54,51.9
104,Kris Dunn,53,882,14.9,23.9,2.7,21.1,2.1,13.3,0.245,110,0.58,24,49,12,30,5,17,20,59,37,106,0.265,75,61.3
105,Kevin Durant,56,1912,27.8,10.4,1.6,22.4,2.1,22.9,0.374,107,0.876,203,255,54,113,68,154,81,144,203,411,0.374,245,58.8
106,Wayne Ellington,37,970,17.8,4.6,1.3,7.9,1.2,7.3,0.096,47,0.912,16,20,4,9,2,12,42,84,48,105,0.355,74,63.5
107,Monta Ellis,49,1331,16,18.9,1.7,17.8,0.7,10.7,0.273,99,0.787,52,79,30,58,12,33,30,89,72,180,0.304,74,68.9
108,Joel Embiid,31,786,36.2,17.9,1.7,16.4,8.5,25.6,0.569,112,0.783,89,140,30,81,27,73,18,37,75,191,0.367,187,43.9
109,James Ennis,44,1118,13.2,14.7,1.6,6.1,5.7,13.4,0.347,128,0.786,60,98,6,23,2,3,4,14,12,40,0.413,94,66
110,Tyler Ennis,31,196,19.5,26.9,1.5,24.5,2.3,8.5,0.047,29,0.667,14,21,5,19,0,3,0,5,5,27,0.375,20,80
111,Tyreke Evans,26,474,27.3,13.4,2.4,31.8,1.3,17.9,0.256,41,0.776,54,101,6,28,1,3,9,25,16,56,0.3,47,66
112,Dante Exum,42,779,17.7,15.3,0.9,14.1,2.3,8.7,0.159,97,0.838,58,101,9,18,3,8,4,9,16,35,0.271,59,62.7
113,Kenneth Faried,47,1048,17.3,10.9,1.6,5.9,15.6,24.3,0.54,101,0.689,135,210,35,76,4,11,1,8,40,95,0,142,62.7
114,Derrick Favors,40,938,20.7,11.4,2.1,7.5,8.6,20.8,0.296,84,0.635,66,118,30,60,25,57,27,72,82,189,0.25,164,53.7
115,Kay Felder,35,342,22.4,13.2,1.9,20.7,1,10,0.341,35,0.711,22,43,1,17,7,18,17,34,25,69,0.35,16,68.8
116,Cristiano Felicio,48,753,12.5,10.1,1.2,5.7,14,19.6,0.478,83,0.662,73,112,7,19,2,6,6,21,15,46,0,168,60.1
117,Raymond Felton,54,1233,17.1,12.9,1.8,17.4,2.6,11.8,0.104,99,0.78,69,110,20,55,8,24,33,89,61,168,0.371,87,71.3
118,Yogi Ferrell,20,481,19.7,15.4,1.9,21.5,1.8,8.4,0.247,35,0.821,18,31,2,7,7,17,8,25,17,49,0.4,29,58.6
119,Dorian Finney-Smith,55,1143,11.1,12.7,1.6,6.1,3.2,11.9,0.221,93,0.766,34,51,6,15,0,5,4,13,10,33,0.313,108,61.1
120,Evan Fournier,45,1488,23.7,12.8,1.4,17.1,2.2,8.8,0.29,126,0.82,100,166,38,96,22,45,28,76,88,217,0.343,94,62.8
121,Randy Foye,43,813,15.3,20.6,1,16.3,1.1,12.3,0.172,61,0.811,22,41,8,23,1,4,4,17,13,44,0.338,71,59.2
122,Tim Frazier,41,1028,18,18.9,1.8,33.9,2.1,9.9,0.336,95,0.798,56,90,13,49,5,21,22,52,40,122,0.349,77,71.4
123,Channing Frye,48,890,20,8.1,1,5.5,3.6,18.3,0.146,90,0.843,26,46,13,32,9,20,11,23,33,75,0.408,174,59.8
124,Danilo Gallinari,44,1504,19.3,8.9,0.9,9.4,1.8,14.4,0.521,67,0.887,69,108,15,37,16,54,41,102,72,193,0.381,113,66.4
125,Langston Galloway,55,1120,19.5,5.7,1.7,8.9,1.9,9.6,0.118,76,0.769,20,41,4,22,8,22,31,88,43,132,0.377,71,60.6
126,Marc Gasol,55,1891,26.9,10.6,1.4,24,2.6,18.3,0.308,133,0.846,76,112,123,235,75,172,62,167,260,574,0.385,298,51.7
127,Pau Gasol,39,1029,20.1,10.7,0.8,16.1,6.7,26.8,0.277,66,0.644,50,80,43,88,14,41,59,113,116,242,0.465,191,56.5
128,Rudy Gay,30,1013,25.7,12.8,2.3,14.2,4,17.8,0.312,79,0.855,71,103,40,93,24,62,24,71,88,226,0.372,97,48.5
129,Paul George,50,1786,28.1,12.7,2.2,15.5,2.7,16.4,0.279,131,0.914,71,115,40,93,45,110,113,243,198,446,0.383,148,66.9
130,Jonathan Gibson,17,231,26.4,16.3,1.8,18.7,0.5,11.2,0.305,21,0.724,7,17,2,6,5,9,6,18,13,33,0.333,17,82.4
131,Taj Gibson,55,1502,19.1,11.7,0.9,6.6,8.5,19.3,0.225,123,0.714,149,217,66,150,30,74,24,68,120,292,0.167,210,53.3
132,Manu Ginobili,49,904,20.9,15.5,3,19.5,2.3,11.6,0.265,82,0.821,33,65,11,43,10,31,2,19,23,93,0.406,44,70.5
133,Rudy Gobert,57,1910,16.1,15.9,1.1,4.9,13.7,29.2,0.831,172,0.662,236,330,15,58,2,3,0,1,17,62,0,447,48.5
134,Aaron Gordon,56,1548,19.6,9.1,1.3,11.2,5.1,13.4,0.244,117,0.65,116,169,19,58,23,56,26,87,68,201,0.292,134,59
135,Eric Gordon,52,1586,23.6,10.4,0.9,14.2,1.2,8.5,0.159,105,0.838,82,131,26,77,2,11,14,39,42,127,0.385,99,65.7
136,Marcin Gortat,55,1898,14.4,13.6,0.8,6.6,10.7,26.3,0.226,163,0.682,186,267,67,134,30,67,2,9,99,210,0,389,59.1
137,Treveon Graham,18,106,10.2,8.2,0.9,6.6,2,12.1,0.556,14,0.7,1,5,0,2,1,1,0,2,1,5,0.625,8,87.5
138,Jerami Grant,56,1189,12.2,9.1,1,4,2.4,12,0.461,111,0.613,64,100,15,38,0,10,7,24,22,72,0.381,144,52.8
139,Jerian Grant,46,757,16.3,13.1,2.2,14.1,1.6,8.7,0.268,72,0.915,24,41,6,22,13,28,13,34,32,84,0.348,65,66.2
140,Danny Green,48,1282,13.2,13.9,2,9.3,1.6,12,0.057,87,0.833,19,31,11,26,2,13,8,18,21,57,0.405,134,63.4
141,Draymond Green,53,1744,15.5,19.4,3,27.9,4.9,21.3,0.325,157,0.674,117,177,11,61,3,12,3,12,17,85,0.319,309,48.5
142,Gerald Green,36,410,22.7,7.7,0.9,11.2,4.1,13.7,0.144,39,0.808,12,22,6,18,13,31,8,22,27,71,0.366,37,75.7
143,JaMychal Green,56,1599,14.2,14.3,1.3,6.8,8.6,20.9,0.344,198,0.798,99,165,9,29,8,22,27,53,44,104,0.368,153,59.5
144,Jeff Green,56,1301,20.3,11,1.1,7.7,2.6,12,0.3,80,0.864,58,104,32,78,22,52,23,64,77,194,0.28,152,70.4
145,Blake Griffin,36,1198,29.6,10.8,1.6,26.3,7.3,21.4,0.413,91,0.758,143,223,40,111,15,41,84,188,139,340,0.306,140,66.4
146,Justin Hamilton,48,939,15.4,10,1.2,6.6,6.6,17.2,0.11,68,0.719,51,70,25,48,7,17,3,7,35,72,0.304,221,58.8
147,Tim Hardaway,54,1354,22.7,8.9,1.2,14.3,1.5,9.5,0.214,64,0.72,106,164,18,47,17,39,23,58,58,144,0.349,62,58.1
148,James Harden,58,2123,34.5,19.7,1.9,50.7,3.6,21.4,0.581,156,0.852,169,246,57,154,39,98,32,70,128,322,0.353,223,70.4
149,Maurice Harkless,52,1504,16.3,11.1,2,5.4,6.3,11.7,0.155,142,0.667,128,223,25,50,3,5,10,25,38,80,0.346,137,53.3
150,Montrezl Harrell,46,878,17.9,10.8,1,10.2,8.7,13.5,0.339,92,0.649,135,185,30,60,1,8,10,20,41,88,0.333,151,62.9
151,Devin Harris,39,652,18.4,10.6,1.8,15.9,1.5,13.2,0.381,60,0.865,19,45,6,18,2,4,5,16,13,38,0.324,38,71.1
152,Gary Harris,32,917,19,10.4,2,13.3,3.4,9.1,0.229,50,0.74,81,131,13,36,6,16,7,27,26,79,0.421,43,72.1
153,Joe Harris,48,1057,16.5,12.2,1.3,7.8,1.4,12.1,0.139,114,0.723,48,88,10,22,3,6,6,19,19,47,0.387,94,71.3
154,Tobias Harris,57,1803,21.9,8.4,1.1,8.2,1.9,16.4,0.198,90,0.891,101,146,86,168,59,130,43,84,188,382,0.338,182,62.6
155,Andrew Harrison,53,1162,16.2,15.9,2,20.2,1.8,8.3,0.546,157,0.766,37,80,9,27,3,19,8,35,20,81,0.26,91,61.5
156,Udonis Haslem,16,129,12.6,21.9,2,6.5,6.8,23.1,0.682,21,0.6,9,11,2,5,0,4,0,2,2,11,0,21,71.4
157,Spencer Hawes,35,626,19.4,14.7,1,16.2,5.5,19.5,0.156,61,0.882,51,79,20,37,12,26,5,21,37,84,0.291,107,62.6
158,Gordon Hayward,50,1732,27.6,9.2,1.5,18.3,2.1,16.1,0.427,81,0.87,120,174,35,95,45,90,54,146,134,331,0.385,86,62.8
159,Gerald Henderson,51,1226,17.6,9.7,1.2,11.2,1.8,9.7,0.288,88,0.851,58,86,15,43,31,76,30,73,76,192,0.369,92,70.7
160,John Henson,46,930,16.4,14.2,1.4,8,8.1,20.9,0.401,121,0.707,77,121,39,89,4,14,6,22,49,125,0,198,61.6
161,Juan Hernangomez,40,512,13.5,8.6,1.6,5.4,6.7,18.7,0.364,43,0.702,28,47,3,14,0,2,1,5,4,21,0.426,65,69.2
162,Willy Hernangomez,49,769,18.7,17,1.4,10.2,13.2,27.3,0.283,80,0.729,100,155,19,47,9,21,3,13,31,81,0.273,195,55.9
163,Mario Hezonja,41,467,20.7,17,1.6,9.8,2.3,14.7,0.098,39,0.765,18,30,2,10,2,5,15,48,19,63,0.316,44,63.6
164,Roy Hibbert,42,671,13.8,14.9,0.6,4.5,8.5,15.8,0.521,97,0.813,39,56,19,45,9,17,11,26,39,88,0,131,47.3
165,Buddy Hield,57,1161,20.4,9,0.8,10.4,1.7,13.4,0.07,81,0.879,60,116,7,32,8,29,21,53,36,114,0.369,107,73.8
166,Nene Hilario,48,821,19,15.3,2.2,8.1,8,17.1,0.558,119,0.59,105,145,16,35,11,26,17,36,44,97,0.429,167,70.1
167,George Hill,32,1011,24.1,9.1,1.6,22.4,2.1,10.3,0.324,80,0.791,59,87,23,46,30,63,21,56,74,165,0.394,67,71.6
168,Solomon Hill,55,1565,11.2,13.2,1.5,8.4,1.9,11.7,0.271,126,0.807,47,86,6,22,6,17,1,10,13,49,0.357,158,64.6
169,Darrun Hilliard,27,290,19.5,15.8,1.2,11.1,0.8,9.8,0.25,31,0.708,7,12,4,14,3,8,8,26,15,48,0.25,14,78.6
170,Jrue Holiday,42,1359,24.6,17.1,2.4,38.4,2.5,10.7,0.222,105,0.69,103,172,42,93,29,55,26,79,97,227,0.393,109,64.2
171,Justin Holiday,57,1120,16.6,11.1,2.2,8.5,1.9,13.6,0.186,86,0.833,42,70,6,16,10,23,21,54,37,93,0.359,105,67.6
172,Rondae Hollis-Jefferson,52,1134,17.9,16.8,2.1,14.2,4.2,20.5,0.523,118,0.762,81,145,22,61,14,43,8,25,44,129,0.213,131,66.4
173,Richaun Holmes,31,494,18.3,13,1.6,8.4,10.5,19,0.314,61,0.62,56,76,10,33,3,12,6,16,19,61,0.364,103,57.3
174,Rodney Hood,40,1145,23.1,8.3,1.1,11.1,1.1,13,0.159,91,0.753,39,63,32,78,25,60,25,58,82,196,0.366,83,61.4
175,Al Horford,45,1481,20.6,11.3,1.1,23.7,4.6,17.9,0.155,98,0.807,80,114,45,105,24,67,36,72,105,244,0.351,254,59.4
176,Dwight Howard,51,1504,18.8,16.4,1.5,6.8,16.2,32.1,0.652,147,0.553,246,330,18,61,3,11,3,15,24,87,0,203,52.7
177,Marcelo Huertas,23,237,17,20.1,2.1,31.4,0.9,10.4,0.25,16,0.529,6,9,6,19,9,19,0,2,15,40,0.211,29,89.7
178,Kris Humphries,44,522,17.7,11.4,1,6.4,9.7,21.9,0.388,56,0.79,36,60,1,12,8,24,11,24,20,60,0.366,90,60
179,Serge Ibaka,56,1710,21,8.2,1,5.9,6.3,18.6,0.129,139,0.846,86,117,65,131,51,114,54,117,170,362,0.388,294,58.5
180,Andre Iguodala,54,1381,10.3,11.2,1.7,16.4,3.2,12.8,0.205,65,0.691,70,94,3,11,0,7,16,33,19,51,0.361,103,72.8
181,Ersan Ilyasova,56,1509,23.3,10.1,1.2,11.3,5.3,18.8,0.214,138,0.768,100,151,24,65,16,49,38,80,78,194,0.355,181,62.4
182,Joe Ingles,57,1253,13.7,17.5,2.8,16.3,1,13.2,0.168,110,0.809,38,48,8,21,0,8,8,25,16,54,0.439,74,63.5
183,Brandon Ingram,58,1604,15.6,12.6,0.8,10,2.7,13.7,0.331,109,0.655,59,109,18,70,22,63,22,70,62,203,0.304,131,71
184,Kyrie Irving,49,1724,30.2,11.1,1.8,29.7,2.4,7.3,0.221,106,0.906,153,250,30,107,70,151,66,137,166,395,0.389,129,71.3
185,Reggie Jackson,36,1023,26.6,14,1.4,31.3,1.6,7.2,0.224,96,0.85,57,121,,,,,0,0,99,225,0.363,67,56.7
186,LeBron James,52,1952,29.5,16.9,1.9,41.6,3.6,18.7,0.385,90,0.689,286,368,40,110,48,108,31,99,119,317,0.389,171,64.9
187,Al Jefferson,57,832,26,5.8,1,11.2,9.2,23.4,0.188,110,0.772,79,122,86,160,27,83,15,45,128,288,0,110,61.8
188,Richard Jefferson,54,1052,12.2,11.7,0.7,6.6,2.3,10.8,0.319,100,0.736,49,62,5,21,3,7,2,14,10,42,0.289,95,61.1
189,Brandon Jennings,56,1402,17.8,18.1,1.9,28.2,1.5,9.7,0.312,78,0.754,50,94,11,41,16,36,17,49,44,126,0.342,85,74.1
190,Jonas Jerebko,56,930,11.6,14.1,1.3,7.2,5.3,17.8,0.106,95,0.81,31,44,13,32,2,8,8,14,23,54,0.347,118,63.6
191,Amir Johnson,56,1104,13.7,14.4,1.4,12.9,9.1,16.9,0.265,146,0.667,93,130,31,73,0,1,0,2,31,76,0.409,225,54.2
192,James Johnson,52,1381,21.5,17.5,1.7,19.8,3.6,16.9,0.281,137,0.71,112,182,30,68,21,35,16,35,67,138,0.353,168,52.4
193,Joe Johnson,56,1260,18.1,10.1,0.8,12.4,2.2,12.9,0.123,62,0.804,22,29,46,96,20,53,24,65,90,214,0.412,62,64.5
194,Stanley Johnson,53,887,14.2,16.3,1.9,10.8,2.9,12.3,0.183,84,0.65,18,29,11,39,18,33,12,31,41,103,0.302,49,51
195,Tyler Johnson,49,1506,20.6,7.4,2,16.4,2.5,12.8,0.309,122,0.761,82,141,35,81,15,50,50,125,100,256,0.349,161,55.9
196,Wesley Johnson,49,646,12.7,8.1,2.1,4.5,4.2,21.8,0.105,71,0.647,15,26,4,6,3,6,13,31,20,43,0.283,92,57.6
197,Nikola Jokic,49,1319,23.1,14.1,1.4,26.9,12.8,24.3,0.274,150,0.816,134,203,95,156,33,56,28,56,156,268,0.365,288,63.2
198,James Jones,35,239,13.2,9.7,0.6,4.2,0.9,9,0.237,22,0.643,2,3,0,1,1,1,3,10,4,12,0.568,35,51.4
199,Terrence Jones,51,1264,21.4,7.9,1.5,7.5,5.4,20,0.348,67,0.606,132,195,55,149,10,27,15,41,80,217,0.253,211,63
200,Tyus Jones,35,398,14,16.7,2.9,27.5,2,7.4,0.28,28,0.808,8,18,6,13,5,9,3,10,14,32,0.372,23,87
201,DeAndre Jordan,56,1751,15.1,14.6,0.9,5.6,12.8,35.2,0.739,148,0.502,244,332,22,50,0,1,0,0,22,51,0,299,54.2
202,Cory Joseph,55,1243,18.4,11.1,1.6,18.1,2.8,10.5,0.218,92,0.791,71,117,35,87,15,49,36,94,86,230,0.394,106,69.8
203,Frank Kaminsky,54,1351,21.4,8.3,1.5,13.4,3.5,16.2,0.187,92,0.748,71,126,53,125,11,37,7,22,71,184,0.308,192,63.5
204,Enes Kanter,47,1015,26.3,12.1,1,8.6,13.3,20.9,0.382,103,0.789,178,268,52,93,12,38,18,41,82,172,0.161,233,54.9
205,Michael Kidd-Gilchrist,55,1634,14.5,7.9,1.4,7,7.3,19.9,0.317,126,0.765,127,215,10,52,15,39,39,105,64,196,0.125,187,54.5
206,Sean Kilpatrick,55,1429,23.9,15.2,1.3,14.7,1.3,15,0.31,104,0.838,94,165,31,88,13,41,23,55,67,184,0.351,101,74.3
207,Brandon Knight,54,1140,25.2,12.9,1.1,18.1,2.2,9.6,0.293,87,0.857,72,129,27,83,24,62,41,111,92,256,0.324,82,73.2
208,Kyle Korver,51,1377,14.8,12.5,1.1,9.8,0.6,11.2,0.09,79,0.886,11,17,3,8,7,21,44,85,54,114,0.45,132,63.6
209,Kosta Koufos,57,1091,14.3,14.2,1.5,5.3,9.6,23.2,0.187,132,0.549,89,126,64,131,6,15,0,1,70,147,0,168,62.5
210,Mindaugas Kuzminskas,47,686,19,11.2,1.8,10,5,8.9,0.172,55,0.791,54,89,12,33,1,4,0,4,13,41,0.317,66,63.6
211,Jeremy Lamb,36,617,24.4,6.5,1,11.2,3.2,24.3,0.297,54,0.807,41,61,17,40,22,42,19,46,58,128,0.259,58,72.4
212,Nicolas Laprovittola,18,174,18.2,27.2,1.2,22.8,0.7,5.7,0.191,19,1,7,13,1,4,1,1,1,2,3,7,0.37,17,82.4
213,Joffrey Lauvergne,50,739,17.8,12.6,1.1,10.5,7.7,19.7,0.238,71,0.638,54,88,18,47,5,8,5,17,28,72,0.346,90,61.1
214,Zach LaVine,47,1749,21.7,9.9,1.2,12.9,1.2,9.6,0.197,104,0.836,123,193,18,43,12,35,53,129,83,207,0.387,82,73.2
215,Ty Lawson,51,1253,18.9,17.6,2.3,28.5,3.1,9.4,0.35,75,0.809,67,107,20,55,23,43,26,75,69,173,0.29,66,60.6
216,Jake Layman,24,149,19.6,7.5,2,6.8,1.5,9,0.232,14,0.692,4,5,2,5,1,1,2,7,5,13,0.237,17,64.7
217,Courtney Lee,52,1630,13.5,7.6,1.4,9.4,2.6,8.5,0.11,96,0.84,40,66,22,55,31,63,37,87,90,205,0.418,123,69.1
218,David Lee,55,1023,17,14.5,1.1,13.5,11.2,22.5,0.287,89,0.702,121,172,32,73,14,25,8,23,54,121,0,159,52.8
219,Alex Len,54,1061,17.4,16.4,0.9,4.3,10.4,26.1,0.436,165,0.731,103,161,30,77,8,26,12,39,50,142,0.25,229,50.2
220,Kawhi Leonard,51,1710,31,9,2.7,17.6,4.1,15.5,0.418,78,0.899,106,164,61,120,75,162,94,195,230,477,0.396,133,61.7
221,Meyers Leonard,48,784,16.7,8.7,0.4,7.8,2.6,19.3,0.108,110,0.893,18,27,9,24,4,20,12,39,25,83,0.34,140,51.4
222,Jon Leuer,51,1379,17,8.7,0.8,9.6,5.4,18.2,0.192,106,0.906,91,112,28,64,43,77,25,67,96,208,0.325,181,59.1
223,Caris LeVert,32,642,16.2,14.4,2.2,14.1,1.8,12.8,0.262,47,0.735,31,45,4,20,10,16,3,7,17,43,0.303,47,70.2
224,DeAndre Liggins,45,645,10.9,19.3,3,9.3,2.1,10.3,0.267,65,0.677,25,47,1,10,0,4,3,11,4,25,0.386,57,66.7
225,Damian Lillard,51,1832,30.6,10.3,1,28,2.1,13.2,0.369,115,0.901,153,255,42,124,31,80,66,144,139,348,0.347,129,66.7
226,Jeremy Lin,12,300,25.6,17.8,2.5,40.2,0.7,12.9,0.315,12,0.707,21,36,9,18,7,13,8,15,24,46,0.333,29,48.3
227,Shaun Livingston,51,884,13.2,15.2,1.3,12.9,2.5,9.3,0.189,81,0.6,33,43,21,28,59,115,7,25,87,168,0,68,69.1
228,Kevon Looney,43,401,12.5,11.2,1.5,8,10.6,18.9,0.36,62,0.656,47,63,2,10,0,2,0,6,2,18,0.25,58,56.9
229,Brook Lopez,51,1509,29.3,11.7,0.9,16,5.7,12.7,0.325,131,0.835,122,184,124,252,33,80,7,22,164,354,0.344,249,56.6
230,Robin Lopez,57,1594,16.6,9.7,0.3,5.4,13.1,13.7,0.143,107,0.676,84,162,85,171,19,44,60,127,164,342,0,410,52.7
231,Kevin Love,46,1466,26.6,11,1.4,9.6,8.9,28.9,0.366,82,0.876,76,136,40,100,33,70,19,54,92,224,0.384,231,63.6
232,Kyle Lowry,56,2111,24.8,13.4,1.9,29.1,2.5,11.9,0.395,163,0.826,108,162,61,150,24,50,25,64,110,264,0.417,143,75.5
233,Timothe Luwawu-Cabarrot,43,493,16.8,17.9,1,9.8,2.2,11.2,0.417,68,0.764,34,61,3,19,0,1,0,3,3,23,0.311,43,53.5
234,Trey Lyles,57,1043,22,11.9,1.3,10.3,5,18,0.178,82,0.718,41,69,26,70,10,33,13,38,49,141,0.323,152,57.2
235,Shelvin Mack,46,983,19.8,19.6,1.9,21.5,1.9,9.7,0.172,79,0.66,44,74,25,56,23,47,13,32,61,135,0.316,71,59.2
236,Thon Maker,30,218,19.2,8.6,1.4,2.8,8.1,18,0.338,35,0.6,16,23,1,8,0,4,4,7,5,19,0.5,39,61.5
237,Boban Marjanovic,23,159,24.4,8.1,0.6,5.1,20.5,32.1,0.397,11,0.778,15,23,15,37,2,8,0,0,17,45,0,31,48.4
238,Jarell Martin,40,538,16.1,14.1,1.4,2,7.6,25.6,0.333,90,0.792,31,73,3,14,3,6,8,25,14,45,0.346,64,65.6
239,Wesley Matthews,53,1874,20.5,8.5,1.6,11.7,0.7,11.8,0.212,118,0.813,48,82,18,55,34,75,27,82,79,212,0.381,87,75.9
240,Luc Mbah a Moute,54,1216,11.7,10.6,2.3,2.5,3.6,8.2,0.248,90,0.719,71,115,2,14,1,3,21,46,24,63,0.388,117,64.1
241,James Michael McAdoo,29,265,13.6,14.3,1.3,5.4,6.3,12,0.246,26,0.5,27,37,5,12,3,5,2,8,10,25,0,60,58.3
242,Patrick McCaw,46,571,12.6,13.2,1.3,9.6,1.9,6.6,0.131,39,0.611,16,24,6,12,3,10,4,11,13,33,0.35,49,65.3
243,Sheldon McClellan,25,248,13.5,3.9,1.6,8,1.9,11.6,0.328,16,0.857,6,13,3,6,6,9,3,10,12,25,0.231,21,57.1
244,C.J. McCollum,56,1934,28.1,10.4,1.5,18.6,2.6,9.3,0.207,159,0.896,94,163,70,137,73,140,109,229,252,506,0.411,135,51.1
245,T.J. McConnell,55,1369,14.1,22.5,2.9,37.6,1.8,11.5,0.152,94,0.776,71,112,35,79,21,59,12,31,68,169,0.212,78,69.2
246,K.J. McDaniels,29,212,16.6,12.1,1.4,2.7,3.1,12.5,0.147,24,0.9,16,25,5,12,1,3,0,1,6,16,0.333,18,72.2
247,Doug McDermott,44,1078,17.5,7.4,0.5,6.6,1.4,11.8,0.18,57,0.881,44,74,20,45,16,39,27,60,63,144,0.376,95,57.9
248,JaVale McGee,51,487,23.8,11.5,1.2,4,13.1,20.8,0.327,75,0.471,124,160,15,41,2,4,0,0,17,45,0,110,57.3
249,Rodney McGruder,53,1390,12,9.6,1.4,8.2,5.6,8.8,0.165,99,0.654,45,67,17,54,5,20,7,24,29,98,0.336,108,73.1
250,Ben McLemore,42,754,18.2,11.9,1.5,7.3,2,7.9,0.16,58,0.775,33,47,6,23,4,19,20,53,30,95,0.37,46,56.5
251,Jordan McRae,36,381,20.5,7.9,1,7.4,1.8,9.6,0.228,30,0.794,18,39,6,17,2,18,13,20,21,55,0.34,41,63.4
252,Josh McRoberts,22,381,16.9,15.9,1.3,19.1,6.6,14.8,0.076,31,0.667,20,34,1,17,3,17,7,18,11,52,0.419,53,66
253,Jodie Meeks,24,520,18,11.4,2.7,10.9,0.6,11,0.25,29,0.905,13,26,6,13,6,18,9,22,21,53,0.404,39,71.8
254,Salah Mejri,50,667,9.4,22.7,2,2.3,11.9,29.2,0.391,111,0.647,45,60,6,7,4,5,1,9,11,21,0,160,52.5
255,Jordan Mickey,16,116,15.6,17.3,0.9,6.3,11.6,15.5,0.345,9,0.6,11,19,1,5,2,4,0,1,3,10,0,22,72.7
256,C.J. Miles,51,1177,18.6,5.7,1.3,3.8,1.6,12.5,0.148,106,0.875,28,47,16,36,8,19,22,59,46,114,0.417,66,62.1
257,Patty Mills,55,1170,20.2,13.6,2,23.6,1.8,7.7,0.131,77,0.857,41,68,4,13,7,16,42,104,53,133,0.432,64,73.4
258,Paul Millsap,53,1810,24.2,11.5,2.1,18,5.6,19.6,0.384,141,0.763,116,191,62,159,65,139,25,72,152,370,0.327,294,59.2
259,Nikola Mirotic,48,1078,19.4,11,1.6,6,3.5,21.6,0.212,84,0.771,49,81,13,26,9,24,8,26,30,76,0.299,144,59
260,Greg Monroe,54,1178,23.9,13.6,2.9,16.2,10.5,24.7,0.361,102,0.726,167,269,56,138,13,24,15,32,84,194,0,206,61.7
261,E'Twaun Moore,51,1259,18,9.6,1.4,14,2.2,7.2,0.102,98,0.756,49,79,48,94,22,65,26,56,96,215,0.387,124,63.7
262,Marcus Morris,56,1849,20,7.4,1.2,9.7,3,13,0.175,111,0.8,53,82,21,62,54,130,88,179,163,371,0.333,122,56.6
263,Markieff Morris,53,1700,21.4,12.1,1.8,8.3,5.3,18.5,0.268,174,0.816,107,171,52,122,43,107,35,95,130,324,0.367,214,56.1
264,Anthony Morrow,40,627,16.3,2.9,1.6,4.5,1.9,3.2,0.117,40,0.885,8,14,20,34,9,30,12,23,41,87,0.294,49,69.4
265,Donatas Motiejunas,20,318,15.9,20.2,1.8,12.9,5.6,17.4,0.372,42,0.517,12,14,14,31,2,5,8,28,24,64,0.286,48,56.3
266,Timofey Mozgov,53,1089,16.8,16.3,0.7,5.9,9.9,16.3,0.234,129,0.803,94,143,30,85,18,41,24,55,72,181,0,204,60.3
267,Emmanuel Mudiay,44,1237,22.4,16.6,1.5,21.5,2.3,11.8,0.293,83,0.775,86,171,14,57,15,54,15,45,44,156,0.308,100,80
268,Shabazz Muhammad,53,1040,20.1,7.4,0.7,3.8,5.8,11.3,0.319,61,0.787,81,126,40,94,13,45,5,19,58,158,0.414,54,57.4
269,Dejounte Murray,31,243,25.8,22.3,1,19.8,2.4,11.8,0.258,21,0.72,16,27,16,38,2,8,1,5,19,51,0.421,20,70
270,Jamal Murray,56,1116,21.1,13.1,1.2,12.9,3.3,10.9,0.18,77,0.877,58,98,19,44,12,38,16,53,47,135,0.33,78,74.4
271,Mike Muscala,50,984,15.2,12.9,1.2,10.4,6.9,13.6,0.198,80,0.778,55,79,10,25,18,38,21,46,49,109,0.424,160,53.8
272,Larry Nance Jr.,39,869,13.1,13.2,2.6,10.2,8.2,19,0.224,94,0.723,70,93,20,41,7,21,19,43,46,105,0.154,139,71.2
273,Shabazz Napier,32,246,22.6,16.5,3.4,17.9,0.9,9.6,0.263,18,0.72,8,17,2,6,1,2,7,14,10,22,0.339,11,72.7
274,Maurice Ndour,20,144,14.7,10.1,2.8,1,6.7,14.1,0.25,16,0.9,13,17,0,7,1,5,3,6,4,18,0.2,17,70.6
275,Jameer Nelson,56,1473,16.5,17.4,1.2,26.8,1.6,8.6,0.099,150,0.733,54,97,20,41,8,26,43,94,71,161,0.384,79,69.6
276,Raul Neto,29,213,15.8,15.3,3,14.9,0.6,10,0.068,27,1,15,22,5,9,0,1,1,6,6,16,0.286,19,57.9
277,Andrew Nicholson,28,231,17.8,11.8,2.4,4.2,5.5,11.1,0.156,37,0.583,12,18,10,28,4,12,1,3,15,43,0.188,42,61.9
278,Joakim Noah,46,1015,12.4,19.8,1.5,13.9,16.8,25.4,0.39,127,0.436,95,178,4,18,0,3,0,1,4,22,0,191,62.8
279,Nerlens Noel,29,564,17.9,12.5,3.6,9.2,9,19.2,0.36,71,0.683,76,107,14,28,3,13,10,21,27,62,0,132,50.8
280,Lucas Nogueira,48,1037,9.6,19.2,2.3,5.2,8.6,16.6,0.444,132,0.657,92,120,6,15,0,2,2,5,8,22,0.333,220,55.9
281,Dirk Nowitzki,30,780,26.1,6.3,1.4,11.1,2,26.2,0.185,59,0.87,15,28,9,21,33,75,44,114,86,210,0.387,115,55.7
282,Jusuf Nurkic,46,828,22.5,19.5,1.7,10.9,12.1,23.9,0.386,91,0.504,113,193,36,86,2,5,5,18,43,109,0,185,57.8
283,Kyle O'Quinn,55,840,18.8,14.4,1.4,12.6,14,25,0.178,118,0.75,94,143,13,28,13,34,35,78,61,140,0.111,210,47.6
284,Jahlil Okafor,38,874,22.9,11.8,0.8,8.2,7.8,15.2,0.344,89,0.612,96,134,55,135,21,58,5,18,81,211,0,189,58.2
285,Victor Oladipo,48,1616,21,9.5,1.8,12,1.9,12.5,0.167,111,0.741,106,175,19,61,37,74,39,90,95,225,0.354,149,69.1
286,Kelly Olynyk,50,1077,18.6,14.1,1.5,14.5,4.7,20.4,0.236,132,0.707,91,119,16,37,4,17,8,22,28,76,0.379,177,58.8
287,Kelly Oubre,53,1095,14.2,9.4,1.8,4.1,4.1,14.2,0.22,133,0.75,53,81,8,29,7,20,12,24,27,73,0.296,98,68.4
288,Zaza Pachulia,44,826,14.4,20.2,2.4,13.5,13.5,21.2,0.484,104,0.773,74,125,13,28,4,12,5,17,22,57,0,179,65.9
289,Jabari Parker,51,1728,26.1,9.2,1.5,13.9,5.4,15.2,0.268,111,0.743,228,339,43,119,16,56,47,122,106,297,0.365,145,59.3
290,Tony Parker,43,1121,20,11.5,0.9,28.5,0.9,7,0.188,67,0.776,65,111,42,101,19,48,49,100,110,249,0.356,69,66.7
291,Chandler Parsons,27,523,18.3,7.6,1.7,13.5,0.6,13.8,0.194,36,0.857,32,53,0,7,8,25,3,21,11,53,0.27,23,65.2
292,Patrick Patterson,40,1090,12.4,9.2,1.4,7.2,4.8,17.7,0.16,84,0.659,16,34,10,24,8,19,3,9,21,52,0.363,117,57.3
293,Chris Paul,36,1112,24.1,14.3,3.6,50,2.7,16,0.363,88,0.876,21,34,18,33,45,93,55,107,118,233,0.395,77,68.8
294,Cameron Payne,20,320,19.8,11.4,1.5,18.5,0.7,10,0.031,38,1,5,18,7,18,7,19,5,16,19,53,0.308,29,72.4
295,Elfrid Payton,58,1690,21.9,14.3,1.9,31.8,2.9,11.6,0.209,126,0.664,156,259,51,129,24,54,27,75,102,258,0.268,131,69.5
296,Paul Pierce,13,153,15.5,15,1,1.8,0,12.7,0.244,25,0.8,1,3,1,1,1,5,2,5,4,11,0.37,10,60
297,Mason Plumlee,55,1550,18.1,14,1.6,21.4,8.5,23.2,0.511,151,0.565,179,270,32,85,14,37,11,47,57,169,0,298,53
298,Miles Plumlee,37,377,14.2,20.9,1.6,7.4,8.3,13.2,0.443,57,0.629,25,45,10,27,1,5,0,0,11,32,0,75,57.3
299,Jakob Poeltl,32,345,10.9,16.6,1.6,3.6,13.3,15.9,0.483,64,0.571,22,44,6,11,1,2,0,1,7,14,0,71,59.2
300,Otto Porter,55,1862,15.5,6,2.2,6.7,4.4,17.7,0.153,138,0.795,84,116,26,50,27,49,50,104,103,203,0.465,185,66.5
301,Bobby Portis,39,472,17.6,11.5,0.8,6.7,9.5,20.5,0.206,48,0.656,28,44,14,24,5,18,7,24,26,66,0.361,75,66.7
302,Kristaps Porzingis,49,1620,24,9.8,1.1,6.4,5.4,17.5,0.26,189,0.784,108,155,37,114,63,137,27,84,127,335,0.384,325,48.6
303,Dwight Powell,56,1025,15.7,5.9,2.8,6.9,8.5,19.7,0.376,104,0.767,104,142,12,31,5,13,21,61,38,105,0.24,173,69.4
304,Norman Powell,53,919,19.3,10.8,2.1,9,2.1,10.9,0.278,83,0.773,78,134,14,39,3,9,13,31,30,79,0.343,66,72.7
305,Julius Randle,50,1412,21.9,17,1.2,20.2,6.8,24.8,0.368,172,0.716,147,231,59,173,21,40,19,49,99,262,0.25,203,58.1
306,Zach Randolph,50,1215,28.8,8.3,1.1,13.7,11.3,27.8,0.189,103,0.758,119,183,82,189,31,78,50,140,163,407,0.25,154,66.2
307,J.J. Redick,53,1498,22.4,9.2,1.2,7.4,0.8,7.6,0.204,86,0.883,29,56,14,31,11,35,82,175,107,241,0.421,91,76.9
308,Willie Reed,48,702,15.1,8.4,0.7,3.7,13.5,22.3,0.313,82,0.567,78,110,19,51,7,18,3,10,29,79,0.333,141,54.6
309,Josh Richardson,28,875,18.7,11.4,1.5,13.3,1.7,10,0.11,74,0.735,20,39,11,24,18,32,28,71,57,127,0.313,63,55.6
310,Malachi Richardson,22,198,19.2,9.5,1.3,8.8,1.8,11.8,0.279,23,0.789,6,8,2,7,2,5,10,20,14,32,0.286,14,78.6
311,Austin Rivers,54,1528,20,12.2,1.3,16.1,1.2,6.9,0.251,133,0.691,95,164,35,99,15,30,9,36,59,165,0.399,109,59.6
312,Andre Roberson,57,1745,10.3,9,1.9,4.4,4.2,14.3,0.247,138,0.43,109,169,2,20,0,1,2,6,4,27,0.241,231,57.1
313,Brian Roberts,20,146,17.3,17.6,0.7,23.9,2.2,9.5,0.595,5,0.864,0,5,0,4,2,7,5,7,7,18,0.462,7,71.4
314,Glenn Robinson,55,1204,12.6,9.4,1.2,4.7,4.6,13.9,0.217,52,0.721,37,63,10,26,10,21,30,67,50,114,0.384,95,65.3
315,Thomas Robinson,34,374,17.3,16.5,2.1,9.5,16.6,27.3,0.315,54,0.429,45,74,10,24,2,7,1,6,13,37,0,62,62.9
316,Sergio Rodriguez,51,1158,19.8,20.5,1.7,35.9,1.4,10.5,0.051,70,0.714,28,48,17,44,18,44,27,74,62,162,0.371,52,82.7
317,Rajon Rondo,48,1260,17,23.8,2.5,36.2,3.6,18,0.092,94,0.545,51,111,24,54,3,20,31,92,58,166,0.316,90,76.7
318,Derrick Rose,48,1544,26.2,12.7,1.1,23.1,3.8,9.3,0.228,69,0.865,171,308,62,151,52,121,46,111,160,383,0.241,102,66.7
319,Terrence Ross,54,1207,19.7,6.2,2.2,5.8,1.3,11.8,0.104,82,0.82,37,55,21,39,22,51,35,76,78,166,0.375,88,70.5
320,Terry Rozier,52,941,16.2,8.8,1.7,13.8,3.3,15.6,0.176,52,0.765,37,81,7,25,11,29,11,29,29,83,0.331,68,64.7
321,Ricky Rubio,51,1637,14.9,22.4,2.8,36.2,3.3,10.6,0.462,130,0.872,38,76,4,15,18,38,41,98,63,151,0.281,122,71.3
322,Damjan Rudez,35,267,13,10.3,2.1,8.7,2,7.6,0,28,0,2,3,0,1,1,2,4,10,5,13,0.352,23,73.9
323,Brandon Rush,23,414,10.5,12.2,1.5,5.3,2.2,9.1,0.122,14,0.7,5,11,1,4,1,4,3,13,5,21,0.4,33,60.6
324,D'Angelo Russell,42,1112,26.8,15.9,2.2,28.9,2.2,13.6,0.231,81,0.772,35,65,38,81,26,79,28,73,92,233,0.349,92,76.1
325,Domantas Sabonis,57,1235,14.9,15.3,1.2,7,3.1,15.9,0.094,144,0.697,54,97,28,74,5,17,12,32,45,123,0.315,192,54.2
326,Dario Saric,56,1368,22.9,15,1.3,11.8,6,20.7,0.208,97,0.784,83,150,27,64,10,28,25,88,62,180,0.327,191,62.8
327,Tomas Satoransky,39,553,12.1,20.5,1.8,16.9,4.4,9.2,0.239,46,0.769,17,35,13,24,5,13,5,10,23,47,0.222,54,57.4
328,Dennis Schroder,56,1728,27.3,15.9,1.3,35.3,1.8,8.4,0.231,96,0.832,170,306,42,110,35,76,60,130,137,316,0.345,105,64.8
329,Luis Scola,36,461,18.7,16.9,1.4,12.7,11.8,19.9,0.245,63,0.676,39,58,12,30,3,8,0,6,15,44,0.34,67,65.7
330,Mike Scott,18,195,15.6,11.5,1,12.3,5.7,15.1,0.138,12,0.875,4,7,4,10,3,10,2,4,9,24,0.148,17,52.9
331,Thabo Sefolosha,44,1137,13.7,11.5,3.2,8.9,3.4,14.7,0.197,67,0.772,68,107,11,26,7,26,20,51,38,103,0.329,83,68.7
332,Kevin Seraphin,34,416,17.1,11.9,0.5,7.2,8.5,20.4,0.074,46,0.5,23,34,24,39,11,27,13,27,48,93,0,59,50.8
333,Ramon Sessions,50,811,19.8,12.7,1.5,24.3,1.6,8.2,0.449,43,0.771,43,83,21,63,9,32,7,24,37,119,0.339,44,56.8
334,Iman Shumpert,51,1297,13.5,12.5,1.9,8.5,2.5,10,0.206,101,0.773,34,52,1,16,6,20,20,45,27,81,0.403,103,65
335,Pascal Siakam,48,806,12.8,13.4,1.4,2.7,8.2,15.1,0.171,103,0.688,54,88,21,46,7,22,12,27,40,95,0,135,57.8
336,Jonathon Simmons,52,942,17.8,14.3,1.9,12.9,1.7,12.5,0.348,100,0.75,60,100,13,43,8,17,20,53,41,113,0.302,82,63.4
337,Kyle Singler,27,282,10.5,14.3,0.5,2.4,1.6,10.9,0.2,20,0.818,14,19,1,6,0,1,1,3,2,10,0.231,35,62.9
338,Marcus Smart,54,1678,18.2,16.4,2.8,21.2,3.4,10.7,0.298,124,0.773,52,104,36,86,15,41,9,39,60,166,0.311,101,59.4
339,Ish Smith,56,1317,19.2,14.1,1.5,30.8,1.2,11.7,0.146,86,0.687,84,142,34,91,27,58,42,100,103,249,0.254,123,60.2
340,J.R. Smith,21,607,14.7,7.4,2.1,5.9,1.5,6.5,0.049,47,0.778,7,14,0,7,2,7,3,18,5,32,0.362,42,64.3
341,Jason Smith,53,710,16.9,15.5,1,3.7,8.4,18.8,0.168,122,0.667,29,44,10,21,14,23,52,103,76,147,0.476,143,55.9
342,Tony Snell,54,1541,11.7,8.5,0.9,6,1.2,11.9,0.106,86,0.757,39,55,6,13,8,19,12,25,26,57,0.401,104,69.2
343,Marreese Speights,56,924,24.4,8.5,1,8.6,7.9,23,0.304,163,0.879,59,96,23,56,8,24,14,31,45,111,0.393,177,61
344,Nik Stauskas,54,1459,15.6,15.5,1,12.6,1.1,10.1,0.238,101,0.811,57,102,5,25,7,18,6,24,18,67,0.376,115,73
345,Lance Stephenson,10,211,18.8,14.5,0.5,23.8,1.5,11.5,0.139,20,0.6,15,21,4,8,2,11,12,21,18,40,0.091,13,46.2
346,Rodney Stuckey,25,465,22.5,14.5,1.1,16,1,12.1,0.485,35,0.763,18,36,8,18,16,28,16,43,40,89,0.324,25,64
347,Jared Sullinger,11,118,20.9,7.2,1.7,3.7,9.5,16.4,0.167,17,0.5,7,12,1,7,2,4,2,7,5,18,0.167,12,41.7
348,Jeff Teague,57,1856,22.2,17.3,2.1,37.8,1.5,12.6,0.471,121,0.852,86,156,78,195,34,65,27,52,139,312,0.352,121,71.1
349,Mirza Teletovic,46,751,19.9,9.9,0.5,6.7,1.6,15.1,0.127,73,0.778,17,30,5,15,4,11,9,17,18,43,0.348,100,63
350,Garrett Temple,49,1301,13.3,13,2.3,12.8,2.4,9.3,0.202,108,0.79,44,65,7,13,10,20,15,51,32,84,0.367,104,66.3
351,Jason Terry,47,804,9.4,12.5,1.6,10.8,1.5,6.3,0.114,60,0.813,8,16,1,6,3,7,3,9,7,22,0.412,40,77.5
352,Isaiah Thomas,53,1830,34.2,10,1.1,33.8,1.8,6.9,0.444,115,0.912,203,340,44,125,40,74,33,69,117,268,0.387,94,74.5
353,Lance Thomas,32,558,13,9.5,1.2,4.2,3.1,9,0.146,57,0.857,11,27,8,24,3,8,12,36,23,68,0.429,33,60.6
354,Hollis Thompson,31,561,13.7,5.1,1.2,7.1,2.9,13.4,0.126,55,0.65,24,39,6,18,6,14,4,17,16,49,0.366,45,62.2
355,Klay Thompson,54,1844,25.6,8.8,1.1,9,2.4,9.4,0.162,102,0.841,92,145,28,62,55,115,85,181,168,358,0.422,161,62.1
356,Tristan Thompson,55,1651,11.3,10.1,0.9,3.9,14.1,21.3,0.524,131,0.515,139,213,34,73,6,13,1,2,41,88,0,326,51.2
357,Marcus Thornton,33,575,18.9,10.1,1.6,9.9,4.4,10.4,0.129,48,0.852,27,45,12,36,7,15,10,34,29,85,0.35,23,69.6
358,Anthony Tolliver,45,1042,13.2,12.5,1.4,6.2,5,14,0.218,75,0.792,23,35,13,21,2,10,8,16,23,47,0.389,125,69.6
359,Karl-Anthony Towns,57,2079,27.4,11.6,0.9,14.3,10.8,27.2,0.301,174,0.828,261,380,120,255,31,72,41,104,192,431,0.339,338,56.2
360,P.J. Tucker,57,1627,11.4,11.8,2.6,6.2,6.1,17.4,0.218,143,0.792,59,113,20,55,13,28,9,21,42,104,0.338,138,63
361,Evan Turner,50,1311,18.8,14.2,1.6,19.5,2.2,14,0.184,91,0.854,46,78,42,81,53,119,25,68,120,268,0.283,100,62
362,Myles Turner,56,1732,21,9.9,1.3,5.9,5.9,20,0.385,183,0.797,126,174,42,93,34,73,82,180,158,346,0.362,402,52.2
363,Beno Udrih,30,420,19.7,12.9,0.8,32.7,1.3,8.9,0.173,20,0.923,18,31,9,15,20,42,11,34,40,91,0.357,22,77.3
364,Tyler Ulis,36,324,19.9,17,3,21.4,3,5.6,0.133,29,0.813,4,14,10,24,17,34,10,31,37,89,0.333,23,69.6
365,Jonas Valanciunas,55,1481,19.7,11.9,0.9,4.4,12.1,29.4,0.305,153,0.852,142,235,82,151,31,73,19,51,132,275,0,289,56.7
366,Denzel Valentine,32,401,15.7,14.5,2.1,7.9,0.8,13.7,0.084,31,0.7,4,8,3,11,3,6,3,11,9,28,0.301,27,74.1
367,Fred VanVleet,21,145,21.4,5.7,3.5,18.6,2.3,12.6,0.18,18,0.818,8,20,1,9,2,4,4,9,7,22,0.389,8,75
368,Rashad Vaughn,24,277,16.7,6.8,2.2,5.2,0.4,11.3,0.021,13,0.5,9,14,1,10,0,5,5,10,6,25,0.339,35,60
369,Noah Vonleh,48,634,14.2,18,1.2,2.4,11.1,23.9,0.287,83,0.558,28,61,12,35,1,7,12,24,25,66,0.35,91,53.8
370,Nikola Vucevic,55,1569,24.4,10.7,1.7,17.4,8.3,30.9,0.156,131,0.616,94,152,83,178,69,145,72,182,224,505,0.28,267,61.8
371,Sasha Vujacic,28,229,15.1,12.4,2,13.7,1.4,14,0.234,23,0.8,0,2,1,4,9,22,11,36,21,62,0.306,19,68.4
372,Dwyane Wade,48,1458,30,10.5,2.6,22.9,3.9,12.5,0.298,90,0.797,111,196,55,131,69,166,71,182,195,479,0.322,80,65
373,Dion Waiters,34,1049,26,12,1.5,23.1,1.5,11.3,0.193,77,0.667,90,180,12,40,6,25,44,102,62,167,0.384,102,54.9
374,Kemba Walker,55,1884,28.8,10.4,1.7,29.2,2,10.9,0.259,89,0.835,184,316,21,65,22,63,57,150,100,278,0.395,116,64.7
375,John Wall,53,1940,30.5,16.7,2.9,46.4,2.5,10.9,0.344,106,0.812,203,338,33,90,35,100,104,245,172,435,0.313,118,56.8
376,Taurean Waller-Prince,33,353,17.4,16.4,1.8,8.7,2.2,17.9,0.311,39,0.906,12,26,8,17,4,13,3,7,15,37,0.275,39,51.3
377,T.J. Warren,44,1278,19.5,5.7,1.9,5.3,6,8.9,0.188,117,0.784,94,138,50,122,38,96,35,86,123,304,0.247,91,62.6
378,C.J. Watson,46,774,13.8,14.9,2.1,15.6,1.4,8.3,0.317,56,0.86,18,36,5,11,7,17,14,38,26,66,0.338,39,71.8
379,David West,42,484,17,21.9,2.8,23.8,6.4,18.6,0.261,60,0.743,25,38,16,28,5,14,25,50,46,92,0.5,104,58.7
380,Russell Westbrook,57,1974,41.8,16.1,2.3,56.3,5.8,27.5,0.441,137,0.828,232,398,22,92,108,250,80,233,210,575,0.338,121,69.4
381,Okaro White,14,226,10.8,16.4,0.7,3.7,4.4,12.7,0.41,28,0.938,6,10,1,4,2,2,1,4,4,10,0.421,36,63.9
382,Isaiah Whitehead,48,1048,18.6,21,1.2,20.2,1.6,10,0.189,121,0.825,63,129,19,55,6,17,13,43,38,115,0.315,103,63.1
383,Hassan Whiteside,52,1712,22.7,12.4,1.1,3.4,11.8,35.2,0.358,160,0.568,213,285,113,254,24,70,21,51,158,375,0,336,49.1
384,Andrew Wiggins,57,2120,28.2,9.7,1.2,11.6,3.9,9.2,0.342,121,0.753,187,284,56,142,67,156,107,271,230,569,0.355,230,66.5
385,Alan Williams,23,164,20.3,16.5,2.1,1.9,20.2,30,0.455,37,0.56,15,26,12,25,2,4,0,0,14,29,0,40,72.5
386,Deron Williams,40,1171,23.8,16.5,1.1,40,1.2,9.4,0.185,96,0.821,32,59,30,62,23,51,47,100,100,213,0.348,68,70.6
387,Derrick Williams,29,468,19.2,7.9,1.1,5.5,3.7,16.2,0.427,39,0.642,32,57,2,9,7,10,10,24,19,43,0.226,44,65.9
388,Lou Williams,58,1403,30.6,11.9,2.3,22.8,1,9.5,0.469,67,0.884,97,150,58,137,31,86,18,47,107,270,0.386,85,70.6
389,Marvin Williams,50,1423,17.4,6.6,1.3,6.6,3.6,17.3,0.172,83,0.843,57,98,27,68,13,37,11,28,51,133,0.347,135,58.5
390,Troy Williams,24,418,17.3,16.9,3,7.3,1.6,10.6,0.205,42,0.6,32,57,4,12,2,4,3,8,9,24,0.244,27,55.6
391,Justise Winslow,18,625,19.9,11.8,2.2,15.7,4,12.5,0.208,52,0.617,34,74,22,58,3,14,14,46,39,118,0.2,66,65.2
392,Jeff Withey,32,252,14,11.9,1.9,1.2,12.8,19.5,0.519,29,0.786,23,40,2,9,2,2,1,2,5,13,0,78,60.3
393,Brandan Wright,8,111,20.8,5.9,1.4,1.7,10,10.5,0.205,9,0.556,19,32,2,5,4,6,0,1,6,12,0,18,61.1
394,James Young,20,154,14,4.2,1.6,3.9,4.4,11.7,0.163,11,0.714,7,8,2,5,1,4,1,2,4,11,0.429,13,61.5
395,Joe Young,25,121,28,5.3,1.6,18.9,0.9,11.9,0.197,5,0.692,6,11,3,5,3,10,7,17,13,32,0.217,9,88.9
396,Nick Young,51,1351,19.4,4.9,1.2,6.5,1.9,7.9,0.158,122,0.849,29,46,6,17,18,43,41,85,65,145,0.413,97,76.3
397,Thaddeus Young,49,1524,16.6,13.1,2.9,8.1,5.5,16.4,0.136,95,0.571,109,167,67,125,7,21,14,40,88,186,0.396,145,58.6
398,Cody Zeller,39,1044,16.6,12.6,1.4,8.7,9.3,16.7,0.473,124,0.692,116,178,29,57,5,9,11,29,45,95,0,195,52.8
399,Tyler Zeller,35,413,16.5,9.2,0.7,12.1,10.1,17.7,0.205,44,0.577,36,61,9,25,0,2,13,35,22,62,0,76,55.3
400,Paul Zipser,23,350,14.7,13.6,1,4.1,2.4,13.8,0.275,24,0.8,9,18,5,11,1,4,3,12,9,27,0.283,45,60
401,Ivica Zubac,23,305,20.1,12.5,0.8,6.4,9.6,22.8,0.209,32,0.75,26,52,24,48,3,7,5,7,32,62,0,107,57