,Name,GP,MP,USG%,TOV%,STL%,AST%,ORB%,DRB%,FTR,PF,FTM,FTA,RIM FGM,RIM FGA,3-10 FGM,3-10 FGA,10-16 FGM,10-16 FGA,16-23 FGM,16-23 FGA,3PM,3PA
0,Alex Abrines,46,643,16.0,9.5,1.6,5.2,2.1,6.7,0.204,2,0,1,10.0,21.0,5.0,11.0,2.0,10.0,7.0,14.0,0,0
1,Quincy Acy,18,182,19.5,8.7,0.8,1.8,7.7,15.5,0.308,25,17,20,10.0,21.0,3.0,6.0,2.0,3.0,1.0,4.0,14,30
2,Steven Adams,55,1695,16.8,16.3,1.7,5.6,12.6,15.9,0.369,131,120,178,175.0,269.0,83.0,172.0,9.0,23.0,0.0,2.0,0,2
3,Arron Afflalo,49,1253,13.8,8.6,0.7,7.4,0.8,7.8,0.216,87,61,69,18.0,34.0,18.0,37.0,22.0,51.0,31.0,73.0,48,123
4,Alexis Ajinca,23,350,16.3,16.3,1.7,3.0,7.7,23.7,0.247,44,17,24,23.0,34.0,7.0,18.0,7.0,13.0,8.0,29.0,0,3
5,Cole Aldrich,51,472,9.0,13.5,2.5,7.3,11.4,24.3,0.284,80,14,21,28.0,41.0,11.0,32.0,0.0,1.0,,,0,0
6,LaMarcus Aldridge,51,1649,24.6,8.2,0.9,10.6,8.4,17.1,0.305,121,181,222,115.0,161.0,57.0,149.0,54.0,137.0,106.0,242.0,16,38
7,Lavoy Allen,42,588,10.2,13.5,1.1,9.1,9.9,12.8,0.187,52,13,20,13.0,30.0,16.0,29.0,2.0,7.0,16.0,40.0,0,1
8,Tony Allen,49,1366,17.8,13.7,3.3,7.1,9.3,13.8,0.251,127,66,105,152.0,276.0,19.0,70.0,5.0,13.0,8.0,29.0,7,31
9,Al-Farouq Aminu,37,1075,15.5,14.8,1.7,10.1,4.3,24.0,0.228,67,50,67,42.0,80.0,9.0,43.0,3.0,11.0,7.0,15.0,42,137
10,Chris Andersen,12,114,12.8,15.1,2.2,5.9,8.9,20.7,0.636,20,10,14,7.0,14.0,1.0,1.0,0.0,1.0,1.0,3.0,0,3
11,Alan Anderson,23,266,13.8,8.5,0.6,5.7,1.3,8.1,0.171,27,9,12,9.0,11.0,1.0,7.0,1.0,5.0,2.0,8.0,12,39
12,Justin Anderson,51,710,23.7,11.3,2.1,7.6,6.1,19.1,0.319,64,70,88,54.0,81.0,14.0,42.0,4.0,16.0,1.0,14.0,37,122
13,Kyle Anderson,51,671,11.5,15.8,2.5,11.0,3.5,18.6,0.355,37,35,44,22.0,33.0,12.0,29.0,4.0,17.0,6.0,21.0,9,24
14,Ryan Anderson,55,1695,17.7,7.0,0.8,4.6,6.0,12.2,0.207,115,105,124,50.0,91.0,18.0,50.0,8.0,21.0,20.0,55.0,153,376
15,Giannis Antetokounmpo,54,1914,28.3,13.5,2.5,26.4,6.2,21.3,0.456,177,313,395,302.0,427.0,53.0,129.0,20.0,59.0,42.0,114.0,38,138
16,Carmelo Anthony,56,1906,29.6,8.7,1.3,14.9,2.7,16.3,0.271,151,239,290,82.0,147.0,37.0,80.0,89.0,212.0,145.0,312.0,121,320
17,Trevor Ariza,58,2009,14.3,7.9,2.7,9.0,2.2,15.7,0.133,93,56,78,73.0,113.0,11.0,32.0,4.0,9.0,5.0,20.0,145,411
18,Darrell Arthur,29,473,18.0,14.9,0.8,10.0,4.9,14.5,0.06,59,9,10,12.0,21.0,0.0,6.0,7.0,13.0,16.0,37.0,44,90
19,Omer Asik,31,482,8.9,14.6,0.5,4.3,10.4,25.3,0.6,51,23,39,30.0,58.0,0.0,6.0,,,14.0,16.0,0,0
20,D.J. Augustin,57,1177,19.4,12.8,1.0,22.2,0.8,7.3,0.31,78,95,122,32.0,63.0,17.0,39.0,7.0,25.0,19.0,50.0,78,216
21,Luke Babbitt,48,752,13.0,7.7,1.0,4.4,1.6,12.8,0.076,80,11,15,2.0,10.0,2.0,9.0,10.0,23.0,8.0,18.0,53,137
22,Ron Baker,28,328,15.7,16.7,2.4,13.9,2.0,11.4,0.22,29,12,20,16.0,33.0,1.0,6.0,2.0,3.0,2.0,8.0,13,41
23,Wade Baldwin,24,309,18.9,24.0,2.3,24.0,2.5,9.8,0.381,31,27,32,11.0,25.0,3.0,11.0,6.0,18.0,4.0,12.0,2,18
24,Leandro Barbosa,53,696,19.3,8.5,1.6,14.2,1.7,10.5,0.089,56,21,25,56.0,94.0,8.0,30.0,9.0,24.0,25.0,69.0,27,64
25,J.J. Barea,18,444,25.4,13.1,1.1,35.2,1.3,13.0,0.172,13,31,33,17.0,33.0,14.0,37.0,13.0,24.0,11.0,24.0,26,74
26,Harrison Barnes,56,2007,26.2,6.4,1.3,8.0,3.9,13.8,0.197,90,159,189,108.0,155.0,85.0,169.0,86.0,189.0,109.0,261.0,56,167
27,Matt Barnes,54,1367,16.4,16.8,1.3,16.4,4.7,20.5,0.172,138,50,66,45.0,80.0,21.0,51.0,1.0,12.0,11.0,30.0,69,211
28,Will Barton,42,1222,20.6,11.7,1.4,17.2,4.3,13.8,0.303,79,107,141,79.0,146.0,32.0,81.0,21.0,45.0,17.0,39.0,59,155
29,Brandon Bass,37,436,18.6,13.7,0.9,6.9,6.8,14.6,0.396,33,48,53,49.0,65.0,8.0,17.0,17.0,33.0,5.0,17.0,1,2
30,Nicolas Batum,53,1834,21.3,16.2,1.6,27.6,2.2,19.6,0.312,84,171,202,48.0,74.0,26.0,70.0,49.0,119.0,43.0,116.0,95,264
31,Aron Baynes,54,835,13.8,14.3,0.8,3.0,8.7,20.4,0.366,121,61,70,49.0,92.0,25.0,56.0,10.0,22.0,8.0,21.0,0,0
32,Kent Bazemore,54,1482,20.4,13.6,2.4,14.6,2.3,10.3,0.227,119,88,123,79.0,142.0,15.0,59.0,11.0,36.0,46.0,110.0,65,196
33,Bradley Beal,51,1757,26.4,9.9,1.5,17.1,2.0,7.4,0.268,111,184,227,121.0,199.0,35.0,83.0,29.0,64.0,65.0,126.0,148,368
34,Michael Beasley,47,792,24.4,13.5,1.5,10.3,5.0,19.0,0.282,75,66,93,70.0,101.0,41.0,81.0,23.0,51.0,26.0,60.0,16,37
35,Marco Belinelli,51,1257,19.0,9.3,1.3,12.1,0.9,10.1,0.235,69,92,104,36.0,54.0,10.0,25.0,10.0,24.0,54.0,124.0,77,205
36,DeAndre' Bembry,26,269,14.7,11.1,0.9,11.2,3.3,13.3,0.189,15,6,14,28.0,44.0,1.0,7.0,3.0,9.0,3.0,3.0,0,11
37,Dragan Bender,38,481,13.5,17.5,0.9,5.0,3.6,15.7,0.065,60,3,8,15.0,24.0,2.0,6.0,1.0,2.0,2.0,11.0,26,81
38,Anthony Bennett,23,264,19.4,10.0,0.9,7.1,10.1,21.0,0.391,18,26,36,23.0,34.0,2.0,8.0,0.0,1.0,0.0,1.0,13,48
39,Davis Bertans,48,556,15.3,10.6,1.3,8.8,3.2,10.3,0.194,55,24,30,18.0,26.0,2.0,6.0,0.0,1.0,4.0,9.0,44,113
40,Patrick Beverley,44,1343,14.1,14.2,2.3,20.2,4.7,15.8,0.118,143,35,43,43.0,71.0,27.0,63.0,8.0,21.0,3.0,14.0,73,187
41,Bismack Biyombo,57,1327,13.1,17.8,0.7,6.2,9.0,25.5,0.707,136,86,174,94.0,140.0,24.0,74.0,9.0,22.0,1.0,8.0,0,0
42,Nemanja Bjelica,55,947,16.5,14.2,1.8,9.4,4.5,17.9,0.179,124,37,50,41.0,67.0,24.0,49.0,3.0,8.0,4.0,9.0,46,148
43,Tarik Black,46,749,16.4,14.3,1.2,6.5,14.7,21.7,0.407,128,61,85,87.0,139.0,16.0,57.0,3.0,7.0,0.0,4.0,1,2
44,Eric Bledsoe,56,1861,28.2,14.7,2.0,31.5,2.9,14.0,0.442,146,334,393,154.0,252.0,61.0,127.0,37.0,92.0,53.0,154.0,88,265
45,Bojan Bogdanovic,55,1482,22.4,11.8,0.8,10.1,1.7,12.3,0.273,99,146,167,119.0,195.0,23.0,56.0,13.0,45.0,15.0,38.0,99,277
46,Andrew Bogut,26,582,10.5,33.4,1.2,12.3,10.5,34.3,0.136,84,3,11,21.0,37.0,16.0,38.0,1.0,5.0,0.0,1.0,0,1
47,Devin Booker,56,1933,27.9,12.7,1.2,15.6,1.9,7.2,0.286,178,235,284,126.0,212.0,51.0,126.0,50.0,149.0,90.0,219.0,105,286
48,Trevor Booker,51,1335,17.8,17.0,2.3,13.6,8.6,25.7,0.213,111,60,90,127.0,193.0,65.0,124.0,8.0,20.0,8.0,29.0,15,56
49,Avery Bradley,36,1257,22.5,10.3,1.9,11.3,3.6,18.6,0.117,98,48,63,89.0,140.0,16.0,45.0,24.0,42.0,51.0,126.0,76,186
50,Corey Brewer,58,923,13.1,12.7,2.0,9.0,2.5,11.2,0.194,104,32,44,52.0,87.0,15.0,38.0,2.0,5.0,3.0,3.0,22,94
51,Malcolm Brogdon,55,1406,18.1,15.2,2.3,23.9,2.7,9.3,0.215,101,80,94,94.0,172.0,19.0,58.0,14.0,42.0,12.0,39.0,53,127
52,Aaron Brooks,46,660,19.6,17.3,1.7,22.5,2.4,6.4,0.128,65,23,29,17.0,40.0,15.0,34.0,17.0,27.0,9.0,24.0,34,101
53,Anthony Brown,11,159,15.6,10.7,1.5,7.7,5.3,16.9,0.0,15,0,0,4.0,7.0,2.0,5.0,1.0,3.0,4.0,8.0,7,27
54,Jaylen Brown,53,821,18.0,11.2,1.3,6.1,3.8,14.8,0.337,91,62,86,65.0,109.0,14.0,39.0,5.0,19.0,3.0,15.0,21,69
55,Nicolas Brussino,36,246,14.1,15.1,2.1,15.4,4.5,16.5,0.155,21,6,9,3.0,4.0,2.0,2.0,1.0,2.0,5.0,11.0,12,39
56,Reggie Bullock,14,217,15.0,8.2,1.4,8.0,3.0,11.5,0.062,15,2,4,13.0,16.0,1.0,5.0,2.0,5.0,2.0,7.0,10,32
57,Trey Burke,51,643,19.6,14.7,0.8,21.0,1.3,6.6,0.107,49,18,25,18.0,35.0,9.0,20.0,23.0,44.0,30.0,73.0,25,60
58,Alec Burks,21,319,22.7,11.7,2.0,6.9,1.9,11.9,0.376,29,30,44,15.0,33.0,8.0,14.0,9.0,12.0,4.0,13.0,12,37
59,Jimmy Butler,51,1867,27.2,9.3,2.5,23.1,4.8,14.0,0.582,87,426,491,133.0,222.0,50.0,100.0,59.0,136.0,73.0,195.0,59,175
60,Jose Calderon,24,292,15.3,24.8,1.2,25.2,2.9,12.7,0.052,22,4,4,6.0,8.0,0.0,3.0,4.0,12.0,10.0,20.0,12,34
61,Kentavious Caldwell-Pope,52,1759,19.3,8.5,1.9,12.4,2.5,8.6,0.197,88,105,126,63.0,100.0,14.0,52.0,23.0,68.0,54.0,130.0,108,290
62,Isaiah Canaan,33,572,15.0,9.7,1.9,9.0,1.1,7.9,0.189,35,28,31,13.0,24.0,14.0,22.0,3.0,10.0,7.0,20.0,24,88
63,Clint Capela,43,1000,19.6,11.6,1.0,6.3,11.2,24.4,0.321,113,57,114,193.0,263.0,30.0,82.0,1.0,3.0,,,0,0
64,DeMarre Carroll,52,1418,15.8,7.7,2.2,5.3,3.7,13.1,0.204,102,67,87,43.0,70.0,24.0,59.0,9.0,21.0,14.0,33.0,86,244
65,Vince Carter,50,1202,15.4,6.8,1.7,11.7,2.3,13.2,0.25,114,62,86,33.0,66.0,14.0,31.0,2.0,16.0,10.0,28.0,74,203
66,Michael Carter-Williams,26,579,20.7,15.9,1.8,18.3,3.3,19.8,0.286,67,45,59,27.0,41.0,28.0,66.0,10.0,35.0,6.0,17.0,9,43
67,Omri Casspi,22,397,16.3,11.9,1.3,10.3,5.9,20.6,0.179,23,12,21,32.0,53.0,10.0,32.0,0.0,2.0,0.0,1.0,11,29
68,Willie Cauley-Stein,50,649,19.5,10.4,2.0,6.9,8.4,16.0,0.283,89,38,63,82.0,115.0,33.0,71.0,4.0,20.0,6.0,15.0,0,2
69,Tyson Chandler,47,1298,11.4,19.2,1.2,3.3,12.8,33.7,0.544,126,91,124,145.0,204.0,8.0,22.0,0.0,1.0,0.0,1.0,0,0
70,Wilson Chandler,50,1544,22.3,10.5,1.4,10.6,5.6,18.7,0.206,120,101,138,118.0,173.0,58.0,140.0,23.0,65.0,32.0,75.0,73,216
71,Marquese Chriss,57,1070,19.7,12.2,2.0,5.1,6.5,14.4,0.261,174,65,103,89.0,157.0,17.0,51.0,7.0,18.0,11.0,30.0,41,138
72,Semaj Christon,40,590,14.1,14.3,1.2,21.5,2.6,8.0,0.146,50,11,23,24.0,45.0,7.0,24.0,9.0,28.0,6.0,20.0,8,42
73,Ian Clark,51,727,18.9,10.4,1.8,12.1,2.0,8.6,0.149,51,30,40,38.0,60.0,15.0,34.0,16.0,35.0,15.0,28.0,44,111
74,Jordan Clarkson,58,1587,23.1,12.7,2.2,12.6,2.6,9.1,0.157,110,86,110,109.0,175.0,61.0,143.0,34.0,78.0,40.0,88.0,72,217
75,Darren Collison,49,1516,19.7,12.4,1.7,22.4,1.5,6.5,0.223,92,101,118,80.0,126.0,34.0,81.0,20.0,43.0,59.0,133.0,61,145
76,Mike Conley,46,1503,26.1,12.1,2.1,34.6,1.8,10.7,0.35,78,199,231,78.0,130.0,37.0,87.0,25.0,62.0,42.0,115.0,109,266
77,Pat Connaughton,27,195,11.0,12.3,1.0,10.8,5.0,12.7,0.231,13,7,9,10.0,16.0,1.0,3.0,0.0,1.0,0.0,2.0,7,16
78,DeMarcus Cousins,55,1891,37.5,13.2,2.0,27.9,7.1,29.1,0.491,203,423,549,224.0,365.0,104.0,255.0,18.0,65.0,64.0,164.0,95,268
79,Robert Covington,50,1554,18.7,14.4,3.0,8.0,5.1,16.8,0.222,149,91,115,80.0,139.0,12.0,49.0,3.0,9.0,3.0,13.0,98,300
80,Allen Crabbe,56,1594,14.9,9.0,1.0,6.5,1.0,9.8,0.213,124,83,96,43.0,66.0,16.0,45.0,11.0,31.0,48.0,105.0,86,200
81,Jamal Crawford,56,1504,23.2,13.0,1.4,16.6,1.0,5.9,0.214,79,112,133,34.0,58.0,28.0,77.0,32.0,77.0,80.0,186.0,78,227
82,Jae Crowder,47,1527,16.6,8.3,1.6,9.9,2.2,15.9,0.254,108,103,119,71.0,88.0,7.0,22.0,5.0,16.0,28.0,77.0,106,262
83,Dante Cunningham,42,1056,11.0,7.2,1.0,3.9,3.5,14.2,0.059,69,8,14,35.0,61.0,9.0,23.0,2.0,6.0,10.0,26.0,47,121
84,Seth Curry,52,1468,18.9,10.9,2.2,16.3,1.7,9.3,0.121,98,48,60,42.0,67.0,34.0,60.0,19.0,41.0,38.0,94.0,94,226
85,Stephen Curry,55,1838,29.0,12.7,2.4,29.1,2.1,11.4,0.256,120,228,249,,,,,,,,,220,537
86,Troy Daniels,43,742,22.1,7.2,1.0,6.5,1.9,6.9,0.139,59,36,44,6.0,18.0,4.0,10.0,5.0,14.0,21.0,53.0,87,222
87,Anthony Davis,53,1927,32.5,9.9,1.7,11.7,6.5,28.3,0.428,125,367,458,192.0,281.0,122.0,248.0,95.0,204.0,104.0,252.0,26,85
88,Deyonta Davis,25,183,13.2,14.9,0.3,1.7,10.3,21.7,0.385,31,8,15,16.0,26.0,3.0,5.0,0.0,1.0,1.0,7.0,0,0
89,Ed Davis,45,776,11.8,17.3,1.0,4.9,13.1,20.8,0.54,134,47,75,58.0,100.0,15.0,38.0,1.0,1.0,,,0,0
90,Dewayne Dedmon,50,865,12.6,14.1,1.6,4.7,11.0,31.2,0.365,121,46,65,87.0,123.0,16.0,38.0,4.0,10.0,4.0,7.0,0,0
91,Sam Dekker,58,1143,15.9,8.7,1.4,8.1,7.8,14.0,0.154,67,33,56,102.0,154.0,11.0,35.0,2.0,5.0,5.0,9.0,51,158
92,Malcolm Delaney,56,991,18.9,17.8,1.5,22.9,0.9,10.1,0.233,88,60,74,18.0,40.0,7.0,18.0,7.0,23.0,68.0,147.0,23,89
93,Matthew Dellavedova,50,1325,15.9,19.5,1.6,27.3,1.5,7.2,0.206,102,57,71,23.0,55.0,37.0,88.0,16.0,39.0,11.0,28.0,49,135
94,Luol Deng,54,1455,14.2,8.7,1.6,7.0,4.4,17.5,0.152,59,46,63,72.0,115.0,14.0,40.0,9.0,34.0,15.0,63.0,51,162
95,DeMar DeRozan,50,1775,34.2,8.6,1.6,19.3,3.1,13.9,0.407,95,364,431,102.0,148.0,116.0,250.0,129.0,268.0,125.0,318.0,19,75
96,Boris Diaw,48,872,15.6,22.1,0.8,18.4,3.6,9.1,0.112,59,19,24,54.0,78.0,13.0,32.0,8.0,16.0,5.0,30.0,15,57
97,Gorgui Dieng,57,1825,14.5,12.4,1.6,8.6,8.1,20.7,0.22,183,82,105,100.0,159.0,43.0,88.0,28.0,64.0,63.0,137.0,11,29
98,Spencer Dinwiddie,33,705,14.4,16.0,1.2,19.8,1.8,11.1,0.423,66,60,71,27.0,50.0,13.0,34.0,5.0,19.0,10.0,18.0,20,48
99,Toney Douglas,14,241,18.2,15.5,2.4,21.0,2.3,17.0,0.274,29,17,20,5.0,11.0,4.0,9.0,3.0,9.0,9.0,17.0,6,27
100,Goran Dragic,49,1680,26.6,15.3,1.5,31.0,2.4,10.0,0.331,137,193,246,125.0,201.0,63.0,133.0,57.0,131.0,36.0,92.0,80,187
101,Andre Drummond,56,1705,23.5,13.0,2.9,5.6,14.6,36.2,0.366,164,108,246,225.0,330.0,107.0,289.0,21.0,43.0,0.0,4.0,2,6
102,Jared Dudley,40,828,13.7,16.0,1.4,11.2,2.6,15.5,0.197,97,26,41,27.0,38.0,3.0,8.0,6.0,12.0,14.0,32.0,51,118
103,Mike Dunleavy,41,658,14.0,11.9,0.8,8.1,2.1,13.0,0.174,54,23,30,23.0,35.0,0.0,7.0,2.0,5.0,6.0,17.0,42,108
104,Kris Dunn,53,882,14.9,23.9,2.7,21.1,2.1,13.3,0.245,110,29,50,24.0,49.0,12.0,30.0,5.0,17.0,20.0,59.0,13,49
105,Kevin Durant,56,1912,27.8,10.4,1.6,22.4,2.1,22.9,0.374,107,311,355,203.0,255.0,54.0,113.0,68.0,154.0,81.0,144.0,107,286
106,Wayne Ellington,37,970,17.8,4.6,1.3,7.9,1.2,7.3,0.096,47,31,34,16.0,20.0,4.0,9.0,2.0,12.0,42.0,84.0,82,231
107,Monta Ellis,49,1331,16.0,18.9,1.7,17.8,0.7,10.7,0.273,99,74,94,52.0,79.0,30.0,58.0,12.0,33.0,30.0,89.0,24,79
108,Joel Embiid,31,786,36.2,17.9,1.7,16.4,8.5,25.6,0.569,112,191,244,89.0,140.0,30.0,81.0,27.0,73.0,18.0,37.0,36,98
109,James Ennis,44,1118,13.2,14.7,1.6,6.1,5.7,13.4,0.347,128,66,84,60.0,98.0,6.0,23.0,2.0,3.0,4.0,14.0,43,104
110,Tyler Ennis,31,196,19.5,26.9,1.5,24.5,2.3,8.5,0.047,29,2,3,14.0,21.0,5.0,19.0,0.0,3.0,0.0,5.0,6,16
111,Tyreke Evans,26,474,27.3,13.4,2.4,31.8,1.3,17.9,0.256,41,45,58,54.0,101.0,6.0,28.0,1.0,3.0,9.0,25.0,21,70
112,Dante Exum,42,779,17.7,15.3,0.9,14.1,2.3,8.7,0.159,97,31,37,58.0,101.0,9.0,18.0,3.0,8.0,4.0,9.0,26,96
113,Kenneth Faried,47,1048,17.3,10.9,1.6,5.9,15.6,24.3,0.54,101,115,167,135.0,210.0,35.0,76.0,4.0,11.0,1.0,8.0,0,5
114,Derrick Favors,40,938,20.7,11.4,2.1,7.5,8.6,20.8,0.296,84,61,96,66.0,118.0,30.0,60.0,25.0,57.0,27.0,72.0,2,8
115,Kay Felder,35,342,22.4,13.2,1.9,20.7,1.0,10.0,0.341,35,32,45,22.0,43.0,1.0,17.0,7.0,18.0,17.0,34.0,7,20
116,Cristiano Felicio,48,753,12.5,10.1,1.2,5.7,14.0,19.6,0.478,83,51,77,73.0,112.0,7.0,19.0,2.0,6.0,6.0,21.0,0,0
117,Raymond Felton,54,1233,17.1,12.9,1.8,17.4,2.6,11.8,0.104,99,32,41,69.0,110.0,20.0,55.0,8.0,24.0,33.0,89.0,43,116
118,Yogi Ferrell,20,481,19.7,15.4,1.9,21.5,1.8,8.4,0.247,35,32,39,18.0,31.0,2.0,7.0,7.0,17.0,8.0,25.0,30,75
119,Dorian Finney-Smith,55,1143,11.1,12.7,1.6,6.1,3.2,11.9,0.221,93,36,47,34.0,51.0,6.0,15.0,0.0,5.0,4.0,13.0,40,128
120,Evan Fournier,45,1488,23.7,12.8,1.4,17.1,2.2,8.8,0.29,126,146,178,100.0,166.0,38.0,96.0,22.0,45.0,28.0,76.0,74,216
121,Randy Foye,43,813,15.3,20.6,1.0,16.3,1.1,12.3,0.172,61,30,37,22.0,41.0,8.0,23.0,1.0,4.0,4.0,17.0,44,130
122,Tim Frazier,41,1028,18.0,18.9,1.8,33.9,2.1,9.9,0.336,95,79,99,56.0,90.0,13.0,49.0,5.0,21.0,22.0,52.0,29,83
123,Channing Frye,48,890,20.0,8.1,1.0,5.5,3.6,18.3,0.146,90,43,51,26.0,46.0,13.0,32.0,9.0,20.0,11.0,23.0,93,228
124,Danilo Gallinari,44,1504,19.3,8.9,0.9,9.4,1.8,14.4,0.521,67,236,266,69.0,108.0,15.0,37.0,16.0,54.0,41.0,102.0,80,210
125,Langston Galloway,55,1120,19.5,5.7,1.7,8.9,1.9,9.6,0.118,76,40,52,20.0,41.0,4.0,22.0,8.0,22.0,31.0,88.0,101,268
126,Marc Gasol,55,1891,26.9,10.6,1.4,24.0,2.6,18.3,0.308,133,231,273,,,,,,,,,77,200
127,Pau Gasol,39,1029,20.1,10.7,0.8,16.1,6.7,26.8,0.277,66,65,101,50.0,80.0,43.0,88.0,14.0,41.0,59.0,113.0,20,43
128,Rudy Gay,30,1013,25.7,12.8,2.3,14.2,4.0,17.8,0.312,79,118,138,71.0,103.0,40.0,93.0,24.0,62.0,24.0,71.0,42,113
129,Paul George,50,1786,28.1,12.7,2.2,15.5,2.7,16.4,0.279,131,222,243,71.0,115.0,40.0,93.0,45.0,110.0,113.0,243.0,115,300
130,Jonathan Gibson,17,231,26.4,16.3,1.8,18.7,0.5,11.2,0.305,21,21,29,7.0,17.0,2.0,6.0,5.0,9.0,6.0,18.0,15,45
131,Taj Gibson,55,1502,19.1,11.7,0.9,6.6,8.5,19.3,0.225,123,85,119,149.0,217.0,66.0,150.0,30.0,74.0,24.0,68.0,2,12
132,Manu Ginobili,49,904,20.9,15.5,3.0,19.5,2.3,11.6,0.265,82,69,84,33.0,65.0,11.0,43.0,10.0,31.0,2.0,19.0,65,160
133,Rudy Gobert,57,1910,16.1,15.9,1.1,4.9,13.7,29.2,0.831,172,221,334,236.0,330.0,15.0,58.0,2.0,3.0,0.0,1.0,0,1
134,Aaron Gordon,56,1548,19.6,9.1,1.3,11.2,5.1,13.4,0.244,117,89,137,116.0,169.0,19.0,58.0,23.0,56.0,26.0,87.0,56,192
135,Eric Gordon,52,1586,23.6,10.4,0.9,14.2,1.2,8.5,0.159,105,98,117,82.0,131.0,26.0,77.0,2.0,11.0,14.0,39.0,184,478
136,Marcin Gortat,55,1898,14.4,13.6,0.8,6.6,10.7,26.3,0.226,163,75,110,186.0,267.0,67.0,134.0,30.0,67.0,2.0,9.0,0,1
137,Treveon Graham,18,106,10.2,8.2,0.9,6.6,2.0,12.1,0.556,14,7,10,1.0,5.0,0.0,2.0,1.0,1.0,0.0,2.0,5,8
138,Jerami Grant,56,1189,12.2,9.1,1.0,4.0,2.4,12.0,0.461,111,73,119,64.0,100.0,15.0,38.0,0.0,10.0,7.0,24.0,32,84
139,Jerian Grant,46,757,16.3,13.1,2.2,14.1,1.6,8.7,0.268,72,54,59,24.0,41.0,6.0,22.0,13.0,28.0,13.0,34.0,32,92
140,Danny Green,48,1282,13.2,13.9,2.0,9.3,1.6,12.0,0.057,87,15,18,19.0,31.0,11.0,26.0,2.0,13.0,8.0,18.0,92,227
141,Draymond Green,53,1744,15.5,19.4,3.0,27.9,4.9,21.3,0.325,157,97,144,117.0,177.0,11.0,61.0,3.0,12.0,3.0,12.0,58,182
142,Gerald Green,36,410,22.7,7.7,0.9,11.2,4.1,13.7,0.144,39,21,26,12.0,22.0,6.0,18.0,13.0,31.0,8.0,22.0,30,82
143,JaMychal Green,56,1599,14.2,14.3,1.3,6.8,8.6,20.9,0.344,198,103,129,99.0,165.0,9.0,29.0,8.0,22.0,27.0,53.0,39,106
144,Jeff Green,56,1301,20.3,11.0,1.1,7.7,2.6,12.0,0.3,80,121,140,58.0,104.0,32.0,78.0,22.0,52.0,23.0,64.0,46,164
145,Blake Griffin,36,1198,29.6,10.8,1.6,26.3,7.3,21.4,0.413,91,188,248,,,,,,,,,11,36
146,Justin Hamilton,48,939,15.4,10.0,1.2,6.6,6.6,17.2,0.11,68,23,32,51.0,70.0,25.0,48.0,7.0,17.0,3.0,7.0,45,148
147,Tim Hardaway,54,1354,22.7,8.9,1.2,14.3,1.5,9.5,0.214,64,90,125,106.0,164.0,18.0,47.0,17.0,39.0,23.0,58.0,96,275
148,James Harden,58,2123,34.5,19.7,1.9,50.7,3.6,21.4,0.581,156,543,637,,,,,,,,,186,527
149,Maurice Harkless,52,1504,16.3,11.1,2.0,5.4,6.3,11.7,0.155,142,48,72,128.0,223.0,25.0,50.0,3.0,5.0,10.0,25.0,55,159
150,Montrezl Harrell,46,878,17.9,10.8,1.0,10.2,8.7,13.5,0.339,92,63,97,135.0,185.0,30.0,60.0,1.0,8.0,10.0,20.0,1,3
151,Devin Harris,39,652,18.4,10.6,1.8,15.9,1.5,13.2,0.381,60,64,74,19.0,45.0,6.0,18.0,2.0,4.0,5.0,16.0,33,102
152,Gary Harris,32,917,19.0,10.4,2.0,13.3,3.4,9.1,0.229,50,57,77,81.0,131.0,13.0,36.0,6.0,16.0,7.0,27.0,53,126
153,Joe Harris,48,1057,16.5,12.2,1.3,7.8,1.4,12.1,0.139,114,34,47,48.0,88.0,10.0,22.0,3.0,6.0,6.0,19.0,79,204
154,Tobias Harris,57,1803,21.9,8.4,1.1,8.2,1.9,16.4,0.198,90,131,147,101.0,146.0,86.0,168.0,59.0,130.0,43.0,84.0,73,216
155,Andrew Harrison,53,1162,16.2,15.9,2.0,20.2,1.8,8.3,0.546,157,118,154,37.0,80.0,9.0,27.0,3.0,19.0,8.0,35.0,32,123
156,Udonis Haslem,16,129,12.6,21.9,2.0,6.5,6.8,23.1,0.682,21,9,15,9.0,11.0,2.0,5.0,0.0,4.0,0.0,2.0,0,2
157,Spencer Hawes,35,626,19.4,14.7,1.0,16.2,5.5,19.5,0.156,61,30,34,51.0,79.0,20.0,37.0,12.0,26.0,5.0,21.0,16,55
158,Gordon Hayward,50,1732,27.6,9.2,1.5,18.3,2.1,16.1,0.427,81,289,332,120.0,174.0,35.0,95.0,45.0,90.0,54.0,146.0,99,257
159,Gerald Henderson,51,1226,17.6,9.7,1.2,11.2,1.8,9.7,0.288,88,97,114,58.0,86.0,15.0,43.0,31.0,76.0,30.0,73.0,41,111
160,John Henson,46,930,16.4,14.2,1.4,8.0,8.1,20.9,0.401,121,70,99,77.0,121.0,39.0,89.0,4.0,14.0,6.0,22.0,0,1
161,Juan Hernangomez,40,512,13.5,8.6,1.6,5.4,6.7,18.7,0.364,43,33,47,28.0,47.0,3.0,14.0,0.0,2.0,1.0,5.0,26,61
162,Willy Hernangomez,49,769,18.7,17.0,1.4,10.2,13.2,27.3,0.283,80,51,70,100.0,155.0,19.0,47.0,9.0,21.0,3.0,13.0,3,11
163,Mario Hezonja,41,467,20.7,17.0,1.6,9.8,2.3,14.7,0.098,39,13,17,18.0,30.0,2.0,10.0,2.0,5.0,15.0,48.0,25,79
164,Roy Hibbert,42,671,13.8,14.9,0.6,4.5,8.5,15.8,0.521,97,61,75,39.0,56.0,19.0,45.0,9.0,17.0,11.0,26.0,0,0
165,Buddy Hield,57,1161,20.4,9.0,0.8,10.4,1.7,13.4,0.07,81,29,33,60.0,116.0,7.0,32.0,8.0,29.0,21.0,53.0,89,241
166,Nene Hilario,48,821,19.0,15.3,2.2,8.1,8.0,17.1,0.558,119,82,139,105.0,145.0,16.0,35.0,11.0,26.0,17.0,36.0,3,7
167,George Hill,32,1011,24.1,9.1,1.6,22.4,2.1,10.3,0.324,80,106,134,59.0,87.0,23.0,46.0,30.0,63.0,21.0,56.0,63,160
168,Solomon Hill,55,1565,11.2,13.2,1.5,8.4,1.9,11.7,0.271,126,67,83,47.0,86.0,6.0,22.0,6.0,17.0,1.0,10.0,61,171
169,Darrun Hilliard,27,290,19.5,15.8,1.2,11.1,0.8,9.8,0.25,31,17,24,7.0,12.0,4.0,14.0,3.0,8.0,8.0,26.0,9,36
170,Jrue Holiday,42,1359,24.6,17.1,2.4,38.4,2.5,10.7,0.222,105,87,126,103.0,172.0,42.0,93.0,29.0,55.0,26.0,79.0,66,168
171,Justin Holiday,57,1120,16.6,11.1,2.2,8.5,1.9,13.6,0.186,86,55,66,42.0,70.0,6.0,16.0,10.0,23.0,21.0,54.0,69,192
172,Rondae Hollis-Jefferson,52,1134,17.9,16.8,2.1,14.2,4.2,20.5,0.523,118,128,168,81.0,145.0,22.0,61.0,14.0,43.0,8.0,25.0,10,47
173,Richaun Holmes,31,494,18.3,13.0,1.6,8.4,10.5,19.0,0.314,61,31,50,56.0,76.0,10.0,33.0,3.0,12.0,6.0,16.0,8,22
174,Rodney Hood,40,1145,23.1,8.3,1.1,11.1,1.1,13.0,0.159,91,58,77,39.0,63.0,32.0,78.0,25.0,60.0,25.0,58.0,82,224
175,Al Horford,45,1481,20.6,11.3,1.1,23.7,4.6,17.9,0.155,98,71,88,80.0,114.0,45.0,105.0,24.0,67.0,36.0,72.0,68,194
176,Dwight Howard,51,1504,18.8,16.4,1.5,6.8,16.2,32.1,0.652,147,151,273,246.0,330.0,18.0,61.0,3.0,11.0,3.0,15.0,0,2
177,Marcelo Huertas,23,237,17.0,20.1,2.1,31.4,0.9,10.4,0.25,16,9,17,6.0,9.0,6.0,19.0,9.0,19.0,0.0,2.0,4,19
178,Kris Humphries,44,522,17.7,11.4,1.0,6.4,9.7,21.9,0.388,56,49,62,36.0,60.0,1.0,12.0,8.0,24.0,11.0,24.0,15,41
179,Serge Ibaka,56,1710,21.0,8.2,1.0,5.9,6.3,18.6,0.129,139,77,91,86.0,117.0,65.0,131.0,51.0,114.0,54.0,117.0,83,214
180,Andre Iguodala,54,1381,10.3,11.2,1.7,16.4,3.2,12.8,0.205,65,38,55,70.0,94.0,3.0,11.0,0.0,7.0,16.0,33.0,44,122
181,Ersan Ilyasova,56,1509,23.3,10.1,1.2,11.3,5.3,18.8,0.214,138,109,142,100.0,151.0,24.0,65.0,16.0,49.0,38.0,80.0,110,310
182,Joe Ingles,57,1253,13.7,17.5,2.8,16.3,1.0,13.2,0.168,110,38,47,38.0,48.0,8.0,21.0,0.0,8.0,8.0,25.0,76,173
183,Brandon Ingram,58,1604,15.6,12.6,0.8,10.0,2.7,13.7,0.331,109,97,148,59.0,109.0,18.0,70.0,22.0,63.0,22.0,70.0,41,135
184,Kyrie Irving,49,1724,30.2,11.1,1.8,29.7,2.4,7.3,0.221,106,192,212,153.0,250.0,30.0,107.0,70.0,151.0,66.0,137.0,118,303
185,Reggie Jackson,36,1023,26.6,14.0,1.4,31.3,1.6,7.2,0.224,96,91,107,,,,,,,,,49,135
186,LeBron James,52,1952,29.5,16.9,1.9,41.6,3.6,18.7,0.385,90,248,360,286.0,368.0,40.0,110.0,48.0,108.0,31.0,99.0,91,234
187,Al Jefferson,57,832,26.0,5.8,1.0,11.2,9.2,23.4,0.188,110,61,79,79.0,122.0,86.0,160.0,27.0,83.0,15.0,45.0,0,1
188,Richard Jefferson,54,1052,12.2,11.7,0.7,6.6,2.3,10.8,0.319,100,53,72,49.0,62.0,5.0,21.0,3.0,7.0,2.0,14.0,35,121
189,Brandon Jennings,56,1402,17.8,18.1,1.9,28.2,1.5,9.7,0.312,78,98,130,50.0,94.0,11.0,41.0,16.0,36.0,17.0,49.0,67,196
190,Jonas Jerebko,56,930,11.6,14.1,1.3,7.2,5.3,17.8,0.106,95,17,21,31.0,44.0,13.0,32.0,2.0,8.0,8.0,14.0,34,98
191,Amir Johnson,56,1104,13.7,14.4,1.4,12.9,9.1,16.9,0.265,146,46,69,93.0,130.0,31.0,73.0,0.0,1.0,0.0,2.0,18,44
192,James Johnson,52,1381,21.5,17.5,1.7,19.8,3.6,16.9,0.281,137,98,138,112.0,182.0,30.0,68.0,21.0,35.0,16.0,35.0,60,170
193,Joe Johnson,56,1260,18.1,10.1,0.8,12.4,2.2,12.9,0.123,62,41,51,22.0,29.0,46.0,96.0,20.0,53.0,24.0,65.0,70,170
194,Stanley Johnson,53,887,14.2,16.3,1.9,10.8,2.9,12.3,0.183,84,26,40,18.0,29.0,11.0,39.0,18.0,33.0,12.0,31.0,26,86
195,Tyler Johnson,49,1506,20.6,7.4,2.0,16.4,2.5,12.8,0.309,122,134,176,82.0,141.0,35.0,81.0,15.0,50.0,50.0,125.0,60,172
196,Wesley Johnson,49,646,12.7,8.1,2.1,4.5,4.2,21.8,0.105,71,11,17,15.0,26.0,4.0,6.0,3.0,6.0,13.0,31.0,26,92
197,Nikola Jokic,49,1319,23.1,14.1,1.4,26.9,12.8,24.3,0.274,150,124,152,134.0,203.0,95.0,156.0,33.0,56.0,28.0,56.0,31,85
198,James Jones,35,239,13.2,9.7,0.6,4.2,0.9,9.0,0.237,22,9,14,2.0,3.0,0.0,1.0,1.0,1.0,3.0,10.0,25,44
199,Terrence Jones,51,1264,21.4,7.9,1.5,7.5,5.4,20.0,0.348,67,103,170,132.0,195.0,55.0,149.0,10.0,27.0,15.0,41.0,19,75
200,Tyus Jones,35,398,14.0,16.7,2.9,27.5,2.0,7.4,0.28,28,21,26,8.0,18.0,6.0,13.0,5.0,9.0,3.0,10.0,16,43
201,DeAndre Jordan,56,1751,15.1,14.6,0.9,5.6,12.8,35.2,0.739,148,142,283,244.0,332.0,22.0,50.0,0.0,1.0,,,0,1
202,Cory Joseph,55,1243,18.4,11.1,1.6,18.1,2.8,10.5,0.218,92,72,91,71.0,117.0,35.0,87.0,15.0,49.0,36.0,94.0,28,71
203,Frank Kaminsky,54,1351,21.4,8.3,1.5,13.4,3.5,16.2,0.187,92,77,103,71.0,126.0,53.0,125.0,11.0,37.0,7.0,22.0,72,234
204,Enes Kanter,47,1015,26.3,12.1,1.0,8.6,13.3,20.9,0.382,103,142,180,178.0,268.0,52.0,93.0,12.0,38.0,18.0,41.0,5,31
205,Michael Kidd-Gilchrist,55,1634,14.5,7.9,1.4,7.0,7.3,19.9,0.317,126,104,136,127.0,215.0,10.0,52.0,15.0,39.0,39.0,105.0,1,8
206,Sean Kilpatrick,55,1429,23.9,15.2,1.3,14.7,1.3,15.0,0.31,104,155,185,94.0,165.0,31.0,88.0,13.0,41.0,23.0,55.0,87,248
207,Brandon Knight,54,1140,25.2,12.9,1.1,18.1,2.2,9.6,0.293,87,132,154,72.0,129.0,27.0,83.0,24.0,62.0,41.0,111.0,45,139
208,Kyle Korver,51,1377,14.8,12.5,1.1,9.8,0.6,11.2,0.09,79,31,35,11.0,17.0,3.0,8.0,7.0,21.0,44.0,85.0,117,260
209,Kosta Koufos,57,1091,14.3,14.2,1.5,5.3,9.6,23.2,0.187,132,28,51,89.0,126.0,64.0,131.0,6.0,15.0,0.0,1.0,0,1
210,Mindaugas Kuzminskas,47,686,19.0,11.2,1.8,10.0,5.0,8.9,0.172,55,34,43,54.0,89.0,12.0,33.0,1.0,4.0,0.0,4.0,38,120
211,Jeremy Lamb,36,617,24.4,6.5,1.0,11.2,3.2,24.3,0.297,54,67,83,41.0,61.0,17.0,40.0,22.0,42.0,19.0,46.0,22,85
212,Nicolas Laprovittola,18,174,18.2,27.2,1.2,22.8,0.7,5.7,0.191,19,9,9,7.0,13.0,1.0,4.0,1.0,1.0,1.0,2.0,10,27
213,Joffrey Lauvergne,50,739,17.8,12.6,1.1,10.5,7.7,19.7,0.238,71,37,58,54.0,88.0,18.0,47.0,5.0,8.0,5.0,17.0,27,78
214,Zach LaVine,47,1749,21.7,9.9,1.2,12.9,1.2,9.6,0.197,104,117,140,123.0,193.0,18.0,43.0,12.0,35.0,53.0,129.0,120,310
215,Ty Lawson,51,1253,18.9,17.6,2.3,28.5,3.1,9.4,0.35,75,106,131,67.0,107.0,20.0,55.0,23.0,43.0,26.0,75.0,27,93
216,Jake Layman,24,149,19.6,7.5,2.0,6.8,1.5,9.0,0.232,14,9,13,4.0,5.0,2.0,5.0,1.0,1.0,2.0,7.0,9,38
217,Courtney Lee,52,1630,13.5,7.6,1.4,9.4,2.6,8.5,0.11,96,42,50,40.0,66.0,22.0,55.0,31.0,63.0,37.0,87.0,77,184
218,David Lee,55,1023,17.0,14.5,1.1,13.5,11.2,22.5,0.287,89,59,84,121.0,172.0,32.0,73.0,14.0,25.0,8.0,23.0,0,0
219,Alex Len,54,1061,17.4,16.4,0.9,4.3,10.4,26.1,0.436,165,98,134,103.0,161.0,30.0,77.0,8.0,26.0,12.0,39.0,1,4
220,Kawhi Leonard,51,1710,31.0,9.0,2.7,17.6,4.1,15.5,0.418,78,338,376,106.0,164.0,61.0,120.0,75.0,162.0,94.0,195.0,103,260
221,Meyers Leonard,48,784,16.7,8.7,0.4,7.8,2.6,19.3,0.108,110,25,28,18.0,27.0,9.0,24.0,4.0,20.0,12.0,39.0,51,150
222,Jon Leuer,51,1379,17.0,8.7,0.8,9.6,5.4,18.2,0.192,106,77,85,91.0,112.0,28.0,64.0,43.0,77.0,25.0,67.0,40,123
223,Caris LeVert,32,642,16.2,14.4,2.2,14.1,1.8,12.8,0.262,47,36,49,31.0,45.0,4.0,20.0,10.0,16.0,3.0,7.0,30,99
224,DeAndre Liggins,45,645,10.9,19.3,3.0,9.3,2.1,10.3,0.267,65,21,31,25.0,47.0,1.0,10.0,0.0,4.0,3.0,11.0,17,44
225,Damian Lillard,51,1832,30.6,10.3,1.0,28.0,2.1,13.2,0.369,115,328,364,153.0,255.0,42.0,124.0,31.0,80.0,66.0,144.0,129,372
226,Jeremy Lin,12,300,25.6,17.8,2.5,40.2,0.7,12.9,0.315,12,29,41,21.0,36.0,9.0,18.0,7.0,13.0,8.0,15.0,16,48
227,Shaun Livingston,51,884,13.2,15.2,1.3,12.9,2.5,9.3,0.189,81,24,40,33.0,43.0,21.0,28.0,59.0,115.0,7.0,25.0,0,1
228,Kevon Looney,43,401,12.5,11.2,1.5,8.0,10.6,18.9,0.36,62,21,32,47.0,63.0,2.0,10.0,0.0,2.0,0.0,6.0,2,8
229,Brook Lopez,51,1509,29.3,11.7,0.9,16.0,5.7,12.7,0.325,131,217,260,122.0,184.0,124.0,252.0,33.0,80.0,7.0,22.0,90,262
230,Robin Lopez,57,1594,16.6,9.7,0.3,5.4,13.1,13.7,0.143,107,50,74,84.0,162.0,85.0,171.0,19.0,44.0,60.0,127.0,0,1
231,Kevin Love,46,1466,26.6,11.0,1.4,9.6,8.9,28.9,0.366,82,218,249,76.0,136.0,40.0,100.0,33.0,70.0,19.0,54.0,119,310
232,Kyle Lowry,56,2111,24.8,13.4,1.9,29.1,2.5,11.9,0.395,163,284,344,108.0,162.0,61.0,150.0,24.0,50.0,25.0,64.0,185,444
233,Timothe Luwawu-Cabarrot,43,493,16.8,17.9,1.0,9.8,2.2,11.2,0.417,68,42,55,34.0,61.0,3.0,19.0,0.0,1.0,0.0,3.0,14,45
234,Trey Lyles,57,1043,22.0,11.9,1.3,10.3,5.0,18.0,0.178,82,51,71,41.0,69.0,26.0,70.0,10.0,33.0,13.0,38.0,61,189
235,Shelvin Mack,46,983,19.8,19.6,1.9,21.5,1.9,9.7,0.172,79,35,53,44.0,74.0,25.0,56.0,23.0,47.0,13.0,32.0,31,98
236,Thon Maker,30,218,19.2,8.6,1.4,2.8,8.1,18.0,0.338,35,15,25,16.0,23.0,1.0,8.0,0.0,4.0,4.0,7.0,16,32
237,Boban Marjanovic,23,159,24.4,8.1,0.6,5.1,20.5,32.1,0.397,11,21,27,15.0,23.0,15.0,37.0,2.0,8.0,,,0,0
238,Jarell Martin,40,538,16.1,14.1,1.4,2.0,7.6,25.6,0.333,90,38,48,31.0,73.0,3.0,14.0,3.0,6.0,8.0,25.0,9,26
239,Wesley Matthews,53,1874,20.5,8.5,1.6,11.7,0.7,11.8,0.212,118,117,144,48.0,82.0,18.0,55.0,34.0,75.0,27.0,82.0,144,378
240,Luc Mbah a Moute,54,1216,11.7,10.6,2.3,2.5,3.6,8.2,0.248,90,46,64,71.0,115.0,2.0,14.0,1.0,3.0,21.0,46.0,31,80
241,James Michael McAdoo,29,265,13.6,14.3,1.3,5.4,6.3,12.0,0.246,26,8,16,27.0,37.0,5.0,12.0,3.0,5.0,2.0,8.0,0,3
242,Patrick McCaw,46,571,12.6,13.2,1.3,9.6,1.9,6.6,0.131,39,11,18,16.0,24.0,6.0,12.0,3.0,10.0,4.0,11.0,28,80
243,Sheldon McClellan,25,248,13.5,3.9,1.6,8.0,1.9,11.6,0.328,16,18,21,6.0,13.0,3.0,6.0,6.0,9.0,3.0,10.0,6,26
244,C.J. McCollum,56,1934,28.1,10.4,1.5,18.6,2.6,9.3,0.207,159,189,211,94.0,163.0,70.0,137.0,73.0,140.0,109.0,229.0,138,336
245,T.J. McConnell,55,1369,14.1,22.5,2.9,37.6,1.8,11.5,0.152,94,38,49,71.0,112.0,35.0,79.0,21.0,59.0,12.0,31.0,7,33
246,K.J. McDaniels,29,212,16.6,12.1,1.4,2.7,3.1,12.5,0.147,24,9,10,16.0,25.0,5.0,12.0,1.0,3.0,0.0,1.0,9,27
247,Doug McDermott,44,1078,17.5,7.4,0.5,6.6,1.4,11.8,0.18,57,59,67,44.0,74.0,20.0,45.0,16.0,39.0,27.0,60.0,56,149
248,JaVale McGee,51,487,23.8,11.5,1.2,4.0,13.1,20.8,0.327,75,32,68,,,,,,,,,0,3
249,Rodney McGruder,53,1390,12.0,9.6,1.4,8.2,5.6,8.8,0.165,99,34,52,45.0,67.0,17.0,54.0,5.0,20.0,7.0,24.0,50,149
250,Ben McLemore,42,754,18.2,11.9,1.5,7.3,2.0,7.9,0.16,58,31,40,33.0,47.0,6.0,23.0,4.0,19.0,20.0,53.0,40,108
251,Jordan McRae,36,381,20.5,7.9,1.0,7.4,1.8,9.6,0.228,30,27,34,18.0,39.0,6.0,17.0,2.0,18.0,13.0,20.0,17,50
252,Josh McRoberts,22,381,16.9,15.9,1.3,19.1,6.6,14.8,0.076,31,6,9,20.0,34.0,1.0,17.0,3.0,17.0,7.0,18.0,13,31
253,Jodie Meeks,24,520,18.0,11.4,2.7,10.9,0.6,11.0,0.25,29,38,42,13.0,26.0,6.0,13.0,6.0,18.0,9.0,22.0,36,89
254,Salah Mejri,50,667,9.4,22.7,2.0,2.3,11.9,29.2,0.391,111,22,34,45.0,60.0,6.0,7.0,4.0,5.0,1.0,9.0,0,2
255,Jordan Mickey,16,116,15.6,17.3,0.9,6.3,11.6,15.5,0.345,9,6,10,11.0,19.0,1.0,5.0,2.0,4.0,0.0,1.0,0,1
256,C.J. Miles,51,1177,18.6,5.7,1.3,3.8,1.6,12.5,0.148,106,56,64,28.0,47.0,16.0,36.0,8.0,19.0,22.0,59.0,111,266
257,Patty Mills,55,1170,20.2,13.6,2.0,23.6,1.8,7.7,0.131,77,48,56,41.0,68.0,4.0,13.0,7.0,16.0,42.0,104.0,99,229
258,Paul Millsap,53,1810,24.2,11.5,2.1,18.0,5.6,19.6,0.384,141,222,291,116.0,191.0,62.0,159.0,65.0,139.0,25.0,72.0,64,196
259,Nikola Mirotic,48,1078,19.4,11.0,1.6,6.0,3.5,21.6,0.212,84,64,83,49.0,81.0,13.0,26.0,9.0,24.0,8.0,26.0,70,234
260,Greg Monroe,54,1178,23.9,13.6,2.9,16.2,10.5,24.7,0.361,102,122,168,167.0,269.0,56.0,138.0,13.0,24.0,15.0,32.0,0,2
261,E'Twaun Moore,51,1259,18.0,9.6,1.4,14.0,2.2,7.2,0.102,98,34,45,49.0,79.0,48.0,94.0,22.0,65.0,26.0,56.0,58,150
262,Marcus Morris,56,1849,20.0,7.4,1.2,9.7,3.0,13.0,0.175,111,100,125,53.0,82.0,21.0,62.0,54.0,130.0,88.0,179.0,87,261
263,Markieff Morris,53,1700,21.4,12.1,1.8,8.3,5.3,18.5,0.268,174,142,174,107.0,171.0,52.0,122.0,43.0,107.0,35.0,95.0,54,147
264,Anthony Morrow,40,627,16.3,2.9,1.6,4.5,1.9,3.2,0.117,40,23,26,8.0,14.0,20.0,34.0,9.0,30.0,12.0,23.0,35,119
265,Donatas Motiejunas,20,318,15.9,20.2,1.8,12.9,5.6,17.4,0.372,42,15,29,12.0,14.0,14.0,31.0,2.0,5.0,8.0,28.0,8,28
266,Timofey Mozgov,53,1089,16.8,16.3,0.7,5.9,9.9,16.3,0.234,129,61,76,94.0,143.0,30.0,85.0,18.0,41.0,24.0,55.0,0,1
267,Emmanuel Mudiay,44,1237,22.4,16.6,1.5,21.5,2.3,11.8,0.293,83,110,142,86.0,171.0,14.0,57.0,15.0,54.0,15.0,45.0,49,159
268,Shabazz Muhammad,53,1040,20.1,7.4,0.7,3.8,5.8,11.3,0.319,61,96,122,81.0,126.0,40.0,94.0,13.0,45.0,5.0,19.0,41,99
269,Dejounte Murray,31,243,25.8,22.3,1.0,19.8,2.4,11.8,0.258,21,18,25,16.0,27.0,16.0,38.0,2.0,8.0,1.0,5.0,8,19
270,Jamal Murray,56,1116,21.1,13.1,1.2,12.9,3.3,10.9,0.18,77,71,81,58.0,98.0,19.0,44.0,12.0,38.0,16.0,53.0,72,218
271,Mike Muscala,50,984,15.2,12.9,1.2,10.4,6.9,13.6,0.198,80,42,54,55.0,79.0,10.0,25.0,18.0,38.0,21.0,46.0,36,85
272,Larry Nance Jr.,39,869,13.1,13.2,2.6,10.2,8.2,19.0,0.224,94,34,47,70.0,93.0,20.0,41.0,7.0,21.0,19.0,43.0,2,13
273,Shabazz Napier,32,246,22.6,16.5,3.4,17.9,0.9,9.6,0.263,18,18,25,8.0,17.0,2.0,6.0,1.0,2.0,7.0,14.0,19,56
274,Maurice Ndour,20,144,14.7,10.1,2.8,1.0,6.7,14.1,0.25,16,9,10,13.0,17.0,0.0,7.0,1.0,5.0,3.0,6.0,1,5
275,Jameer Nelson,56,1473,16.5,17.4,1.2,26.8,1.6,8.6,0.099,150,33,45,54.0,97.0,20.0,41.0,8.0,26.0,43.0,94.0,76,198
276,Raul Neto,29,213,15.8,15.3,3.0,14.9,0.6,10.0,0.068,27,4,4,15.0,22.0,5.0,9.0,0.0,1.0,1.0,6.0,6,21
277,Andrew Nicholson,28,231,17.8,11.8,2.4,4.2,5.5,11.1,0.156,37,7,12,12.0,18.0,10.0,28.0,4.0,12.0,1.0,3.0,3,16
278,Joakim Noah,46,1015,12.4,19.8,1.5,13.9,16.8,25.4,0.39,127,34,78,95.0,178.0,4.0,18.0,0.0,3.0,0.0,1.0,0,1
279,Nerlens Noel,29,564,17.9,12.5,3.6,9.2,9.0,19.2,0.36,71,43,63,76.0,107.0,14.0,28.0,3.0,13.0,10.0,21.0,0,1
280,Lucas Nogueira,48,1037,9.6,19.2,2.3,5.2,8.6,16.6,0.444,132,44,67,92.0,120.0,6.0,15.0,0.0,2.0,2.0,5.0,3,9
281,Dirk Nowitzki,30,780,26.1,6.3,1.4,11.1,2.0,26.2,0.185,59,60,69,15.0,28.0,9.0,21.0,33.0,75.0,44.0,114.0,46,119
282,Jusuf Nurkic,46,828,22.5,19.5,1.7,10.9,12.1,23.9,0.386,91,59,117,113.0,193.0,36.0,86.0,2.0,5.0,5.0,18.0,0,0
283,Kyle O'Quinn,55,840,18.8,14.4,1.4,12.6,14.0,25.0,0.178,118,39,52,94.0,143.0,13.0,28.0,13.0,34.0,35.0,78.0,1,9
284,Jahlil Okafor,38,874,22.9,11.8,0.8,8.2,7.8,15.2,0.344,89,74,121,96.0,134.0,55.0,135.0,21.0,58.0,5.0,18.0,0,0
285,Victor Oladipo,48,1616,21.0,9.5,1.8,12.0,1.9,12.5,0.167,111,83,112,106.0,175.0,19.0,61.0,37.0,74.0,39.0,90.0,92,260
286,Kelly Olynyk,50,1077,18.6,14.1,1.5,14.5,4.7,20.4,0.236,132,58,82,91.0,119.0,16.0,37.0,4.0,17.0,8.0,22.0,55,145
287,Kelly Oubre,53,1095,14.2,9.4,1.8,4.1,4.1,14.2,0.22,133,48,64,53.0,81.0,8.0,29.0,7.0,20.0,12.0,24.0,40,135
288,Zaza Pachulia,44,826,14.4,20.2,2.4,13.5,13.5,21.2,0.484,104,68,88,74.0,125.0,13.0,28.0,4.0,12.0,5.0,17.0,0,0
289,Jabari Parker,51,1728,26.1,9.2,1.5,13.9,5.4,15.2,0.268,111,162,218,228.0,339.0,43.0,119.0,16.0,56.0,47.0,122.0,65,178
290,Tony Parker,43,1121,20.0,11.5,0.9,28.5,0.9,7.0,0.188,67,59,76,65.0,111.0,42.0,101.0,19.0,48.0,49.0,100.0,16,45
291,Chandler Parsons,27,523,18.3,7.6,1.7,13.5,0.6,13.8,0.194,36,30,35,32.0,53.0,0.0,7.0,8.0,25.0,3.0,21.0,20,74
292,Patrick Patterson,40,1090,12.4,9.2,1.4,7.2,4.8,17.7,0.16,84,27,41,16.0,34.0,10.0,24.0,8.0,19.0,3.0,9.0,62,171
293,Chris Paul,36,1112,24.1,14.3,3.6,50.0,2.7,16.0,0.363,88,141,161,21.0,34.0,18.0,33.0,45.0,93.0,55.0,107.0,70,177
294,Cameron Payne,20,320,19.8,11.4,1.5,18.5,0.7,10.0,0.031,38,4,4,5.0,18.0,7.0,18.0,7.0,19.0,5.0,16.0,16,52
295,Elfrid Payton,58,1690,21.9,14.3,1.9,31.8,2.9,11.6,0.209,126,91,137,156.0,259.0,51.0,129.0,24.0,54.0,27.0,75.0,34,127
296,Paul Pierce,13,153,15.5,15.0,1.0,1.8,0.0,12.7,0.244,25,8,10,1.0,3.0,1.0,1.0,1.0,5.0,2.0,5.0,10,27
297,Mason Plumlee,55,1550,18.1,14.0,1.6,21.4,8.5,23.2,0.511,151,130,230,179.0,270.0,32.0,85.0,14.0,37.0,11.0,47.0,0,6
298,Miles Plumlee,37,377,14.2,20.9,1.6,7.4,8.3,13.2,0.443,57,22,35,25.0,45.0,10.0,27.0,1.0,5.0,,,0,0
299,Jakob Poeltl,32,345,10.9,16.6,1.6,3.6,13.3,15.9,0.483,64,16,28,22.0,44.0,6.0,11.0,1.0,2.0,0.0,1.0,0,0
300,Otto Porter,55,1862,15.5,6.0,2.2,6.7,4.4,17.7,0.153,138,70,88,84.0,116.0,26.0,50.0,27.0,49.0,50.0,104.0,118,254
301,Bobby Portis,39,472,17.6,11.5,0.8,6.7,9.5,20.5,0.206,48,21,32,28.0,44.0,14.0,24.0,5.0,18.0,7.0,24.0,13,36
302,Kristaps Porzingis,49,1620,24.0,9.8,1.1,6.4,5.4,17.5,0.26,189,149,190,108.0,155.0,37.0,114.0,63.0,137.0,27.0,84.0,93,242
303,Dwight Powell,56,1025,15.7,5.9,2.8,6.9,8.5,19.7,0.376,104,79,103,104.0,142.0,12.0,31.0,5.0,13.0,21.0,61.0,6,25
304,Norman Powell,53,919,19.3,10.8,2.1,9.0,2.1,10.9,0.278,83,68,88,78.0,134.0,14.0,39.0,3.0,9.0,13.0,31.0,36,105
305,Julius Randle,50,1412,21.9,17.0,1.2,20.2,6.8,24.8,0.368,172,136,190,147.0,231.0,59.0,173.0,21.0,40.0,19.0,49.0,6,24
306,Zach Randolph,50,1215,28.8,8.3,1.1,13.7,11.3,27.8,0.189,103,94,124,119.0,183.0,82.0,189.0,31.0,78.0,50.0,140.0,16,64
307,J.J. Redick,53,1498,22.4,9.2,1.2,7.4,0.8,7.6,0.204,86,113,128,29.0,56.0,14.0,31.0,11.0,35.0,82.0,175.0,139,330
308,Willie Reed,48,702,15.1,8.4,0.7,3.7,13.5,22.3,0.313,82,34,60,78.0,110.0,19.0,51.0,7.0,18.0,3.0,10.0,1,3
309,Josh Richardson,28,875,18.7,11.4,1.5,13.3,1.7,10.0,0.11,74,25,34,20.0,39.0,11.0,24.0,18.0,32.0,28.0,71.0,45,144
310,Malachi Richardson,22,198,19.2,9.5,1.3,8.8,1.8,11.8,0.279,23,15,19,6.0,8.0,2.0,7.0,2.0,5.0,10.0,20.0,8,28
311,Austin Rivers,54,1528,20.0,12.2,1.3,16.1,1.2,6.9,0.251,133,94,136,95.0,164.0,35.0,99.0,15.0,30.0,9.0,36.0,85,213
312,Andre Roberson,57,1745,10.3,9.0,1.9,4.4,4.2,14.3,0.247,138,37,86,109.0,169.0,2.0,20.0,0.0,1.0,2.0,6.0,35,145
313,Brian Roberts,20,146,17.3,17.6,0.7,23.9,2.2,9.5,0.595,5,19,22,0.0,5.0,0.0,4.0,2.0,7.0,5.0,7.0,6,13
314,Glenn Robinson,55,1204,12.6,9.4,1.2,4.7,4.6,13.9,0.217,52,44,61,37.0,63.0,10.0,26.0,10.0,21.0,30.0,67.0,38,99
315,Thomas Robinson,34,374,17.3,16.5,2.1,9.5,16.6,27.3,0.315,54,15,35,45.0,74.0,10.0,24.0,2.0,7.0,1.0,6.0,0,0
316,Sergio Rodriguez,51,1158,19.8,20.5,1.7,35.9,1.4,10.5,0.051,70,15,21,28.0,48.0,17.0,44.0,18.0,44.0,27.0,74.0,73,197
317,Rajon Rondo,48,1260,17.0,23.8,2.5,36.2,3.6,18.0,0.092,94,18,33,51.0,111.0,24.0,54.0,3.0,20.0,31.0,92.0,25,79
318,Derrick Rose,48,1544,26.2,12.7,1.1,23.1,3.8,9.3,0.228,69,147,170,,,,,,,,,13,54
319,Terrence Ross,54,1207,19.7,6.2,2.2,5.8,1.3,11.8,0.104,82,41,50,37.0,55.0,21.0,39.0,22.0,51.0,35.0,76.0,96,256
320,Terry Rozier,52,941,16.2,8.8,1.7,13.8,3.3,15.6,0.176,52,39,51,37.0,81.0,7.0,25.0,11.0,29.0,11.0,29.0,39,118
321,Ricky Rubio,51,1637,14.9,22.4,2.8,36.2,3.3,10.6,0.462,130,143,164,38.0,76.0,4.0,15.0,18.0,38.0,41.0,98.0,36,128
322,Damjan Rudez,35,267,13.0,10.3,2.1,8.7,2.0,7.6,0.0,28,0,0,2.0,3.0,0.0,1.0,1.0,2.0,4.0,10.0,19,54
323,Brandon Rush,23,414,10.5,12.2,1.5,5.3,2.2,9.1,0.122,14,7,10,5.0,11.0,1.0,4.0,1.0,4.0,3.0,13.0,20,50
324,D'Angelo Russell,42,1112,26.8,15.9,2.2,28.9,2.2,13.6,0.231,81,95,123,35.0,65.0,38.0,81.0,26.0,79.0,28.0,73.0,82,235
325,Domantas Sabonis,57,1235,14.9,15.3,1.2,7.0,3.1,15.9,0.094,144,23,33,54.0,97.0,28.0,74.0,5.0,17.0,12.0,32.0,39,124
326,Dario Saric,56,1368,22.9,15.0,1.3,11.8,6.0,20.7,0.208,97,91,116,83.0,150.0,27.0,64.0,10.0,28.0,25.0,88.0,72,220
327,Tomas Satoransky,39,553,12.1,20.5,1.8,16.9,4.4,9.2,0.239,46,20,26,17.0,35.0,13.0,24.0,5.0,13.0,5.0,10.0,6,27
328,Dennis Schroder,56,1728,27.3,15.9,1.3,35.3,1.8,8.4,0.231,96,158,190,170.0,306.0,42.0,110.0,35.0,76.0,60.0,130.0,69,200
329,Luis Scola,36,461,18.7,16.9,1.4,12.7,11.8,19.9,0.245,63,25,37,39.0,58.0,12.0,30.0,3.0,8.0,0.0,6.0,17,50
330,Mike Scott,18,195,15.6,11.5,1.0,12.3,5.7,15.1,0.138,12,7,8,4.0,7.0,4.0,10.0,3.0,10.0,2.0,4.0,4,27
331,Thabo Sefolosha,44,1137,13.7,11.5,3.2,8.9,3.4,14.7,0.197,67,44,57,68.0,107.0,11.0,26.0,7.0,26.0,20.0,51.0,26,79
332,Kevin Seraphin,34,416,17.1,11.9,0.5,7.2,8.5,20.4,0.074,46,5,10,23.0,34.0,24.0,39.0,11.0,27.0,13.0,27.0,0,1
333,Ramon Sessions,50,811,19.8,12.7,1.5,24.3,1.6,8.2,0.449,43,91,118,43.0,83.0,21.0,63.0,9.0,32.0,7.0,24.0,21,62
334,Iman Shumpert,51,1297,13.5,12.5,1.9,8.5,2.5,10.0,0.206,101,51,66,34.0,52.0,1.0,16.0,6.0,20.0,20.0,45.0,75,186
335,Pascal Siakam,48,806,12.8,13.4,1.4,2.7,8.2,15.1,0.171,103,22,32,54.0,88.0,21.0,46.0,7.0,22.0,12.0,27.0,0,4
336,Jonathon Simmons,52,942,17.8,14.3,1.9,12.9,1.7,12.5,0.348,100,72,96,60.0,100.0,13.0,43.0,8.0,17.0,20.0,53.0,19,63
337,Kyle Singler,27,282,10.5,14.3,0.5,2.4,1.6,10.9,0.2,20,9,11,14.0,19.0,1.0,6.0,0.0,1.0,1.0,3.0,6,26
338,Marcus Smart,54,1678,18.2,16.4,2.8,21.2,3.4,10.7,0.298,124,116,150,52.0,104.0,36.0,86.0,15.0,41.0,9.0,39.0,68,219
339,Ish Smith,56,1317,19.2,14.1,1.5,30.8,1.2,11.7,0.146,86,46,67,84.0,142.0,34.0,91.0,27.0,58.0,42.0,100.0,17,67
340,J.R. Smith,21,607,14.7,7.4,2.1,5.9,1.5,6.5,0.049,47,7,9,7.0,14.0,0.0,7.0,2.0,7.0,3.0,18.0,50,138
341,Jason Smith,53,710,16.9,15.5,1.0,3.7,8.4,18.8,0.168,122,24,36,29.0,44.0,10.0,21.0,14.0,23.0,52.0,103.0,10,21
342,Tony Snell,54,1541,11.7,8.5,0.9,6.0,1.2,11.9,0.106,86,28,37,39.0,55.0,6.0,13.0,8.0,19.0,12.0,25.0,95,237
343,Marreese Speights,56,924,24.4,8.5,1.0,8.6,7.9,23.0,0.304,163,109,124,59.0,96.0,23.0,56.0,8.0,24.0,14.0,31.0,79,201
344,Nik Stauskas,54,1459,15.6,15.5,1.0,12.6,1.1,10.1,0.238,101,77,95,57.0,102.0,5.0,25.0,7.0,18.0,6.0,24.0,85,226
345,Lance Stephenson,10,211,18.8,14.5,0.5,23.8,1.5,11.5,0.139,20,6,10,15.0,21.0,4.0,8.0,2.0,11.0,12.0,21.0,1,11
346,Rodney Stuckey,25,465,22.5,14.5,1.1,16.0,1.0,12.1,0.485,35,61,80,18.0,36.0,8.0,18.0,16.0,28.0,16.0,43.0,12,37
347,Jared Sullinger,11,118,20.9,7.2,1.7,3.7,9.5,16.4,0.167,17,4,8,7.0,12.0,1.0,7.0,2.0,4.0,2.0,7.0,3,18
348,Jeff Teague,57,1856,22.2,17.3,2.1,37.8,1.5,12.6,0.471,121,253,297,86.0,156.0,78.0,195.0,34.0,65.0,27.0,52.0,56,159
349,Mirza Teletovic,46,751,19.9,9.9,0.5,6.7,1.6,15.1,0.127,73,28,36,17.0,30.0,5.0,15.0,4.0,11.0,9.0,17.0,73,210
350,Garrett Temple,49,1301,13.3,13.0,2.3,12.8,2.4,9.3,0.202,108,49,62,44.0,65.0,7.0,13.0,10.0,20.0,15.0,51.0,58,158
351,Jason Terry,47,804,9.4,12.5,1.6,10.8,1.5,6.3,0.114,60,13,16,8.0,16.0,1.0,6.0,3.0,7.0,3.0,9.0,42,102
352,Isaiah Thomas,53,1830,34.2,10.0,1.1,33.8,1.8,6.9,0.444,115,427,468,,,,,,,,,172,445
353,Lance Thomas,32,558,13.0,9.5,1.2,4.2,3.1,9.0,0.146,57,18,21,11.0,27.0,8.0,24.0,3.0,8.0,12.0,36.0,21,49
354,Hollis Thompson,31,561,13.7,5.1,1.2,7.1,2.9,13.4,0.126,55,13,20,24.0,39.0,6.0,18.0,6.0,14.0,4.0,17.0,26,71
355,Klay Thompson,54,1844,25.6,8.8,1.1,9.0,2.4,9.4,0.162,102,127,151,,,,,,,,,182,431
356,Tristan Thompson,55,1651,11.3,10.1,0.9,3.9,14.1,21.3,0.524,131,84,163,139.0,213.0,34.0,73.0,6.0,13.0,1.0,2.0,0,3
357,Marcus Thornton,33,575,18.9,10.1,1.6,9.9,4.4,10.4,0.129,48,23,27,27.0,45.0,12.0,36.0,7.0,15.0,10.0,34.0,28,80
358,Anthony Tolliver,45,1042,13.2,12.5,1.4,6.2,5.0,14.0,0.218,75,42,53,23.0,35.0,13.0,21.0,2.0,10.0,8.0,16.0,63,162
359,Karl-Anthony Towns,57,2079,27.4,11.6,0.9,14.3,10.8,27.2,0.301,174,250,302,261.0,380.0,120.0,255.0,31.0,72.0,41.0,104.0,65,192
360,P.J. Tucker,57,1627,11.4,11.8,2.6,6.2,6.1,17.4,0.218,143,61,77,59.0,113.0,20.0,55.0,13.0,28.0,9.0,21.0,46,136
361,Evan Turner,50,1311,18.8,14.2,1.6,19.5,2.2,14.0,0.184,91,70,82,46.0,78.0,42.0,81.0,53.0,119.0,25.0,68.0,28,99
362,Myles Turner,56,1732,21.0,9.9,1.3,5.9,5.9,20.0,0.385,183,192,241,126.0,174.0,42.0,93.0,34.0,73.0,82.0,180.0,34,94
363,Beno Udrih,30,420,19.7,12.9,0.8,32.7,1.3,8.9,0.173,20,24,26,18.0,31.0,9.0,15.0,20.0,42.0,11.0,34.0,10,28
364,Tyler Ulis,36,324,19.9,17.0,3.0,21.4,3.0,5.6,0.133,29,13,16,4.0,14.0,10.0,24.0,17.0,34.0,10.0,31.0,6,18
365,Jonas Valanciunas,55,1481,19.7,11.9,0.9,4.4,12.1,29.4,0.305,153,132,155,142.0,235.0,82.0,151.0,31.0,73.0,19.0,51.0,0,0
366,Denzel Valentine,32,401,15.7,14.5,2.1,7.9,0.8,13.7,0.084,31,7,10,4.0,8.0,3.0,11.0,3.0,6.0,3.0,11.0,25,83
367,Fred VanVleet,21,145,21.4,5.7,3.5,18.6,2.3,12.6,0.18,18,9,11,8.0,20.0,1.0,9.0,2.0,4.0,4.0,9.0,7,18
368,Rashad Vaughn,24,277,16.7,6.8,2.2,5.2,0.4,11.3,0.021,13,1,2,9.0,14.0,1.0,10.0,0.0,5.0,5.0,10.0,19,56
369,Noah Vonleh,48,634,14.2,18.0,1.2,2.4,11.1,23.9,0.287,83,24,43,28.0,61.0,12.0,35.0,1.0,7.0,12.0,24.0,7,20
370,Nikola Vucevic,55,1569,24.4,10.7,1.7,17.4,8.3,30.9,0.156,131,69,112,94.0,152.0,83.0,178.0,69.0,145.0,72.0,182.0,14,50
371,Sasha Vujacic,28,229,15.1,12.4,2.0,13.7,1.4,14.0,0.234,23,12,15,0.0,2.0,1.0,4.0,9.0,22.0,11.0,36.0,11,36
372,Dwyane Wade,48,1458,30.0,10.5,2.6,22.9,3.9,12.5,0.298,90,189,237,111.0,196.0,55.0,131.0,69.0,166.0,71.0,182.0,39,121
373,Dion Waiters,34,1049,26.0,12.0,1.5,23.1,1.5,11.3,0.193,77,64,96,90.0,180.0,12.0,40.0,6.0,25.0,44.0,102.0,58,151
374,Kemba Walker,55,1884,28.8,10.4,1.7,29.2,2.0,10.9,0.259,89,212,254,184.0,316.0,21.0,65.0,22.0,63.0,57.0,150.0,149,377
375,John Wall,53,1940,30.5,16.7,2.9,46.4,2.5,10.9,0.344,106,272,335,203.0,338.0,33.0,90.0,35.0,100.0,104.0,245.0,57,182
376,Taurean Waller-Prince,33,353,17.4,16.4,1.8,8.7,2.2,17.9,0.311,39,29,32,12.0,26.0,8.0,17.0,4.0,13.0,3.0,7.0,11,40
377,T.J. Warren,44,1278,19.5,5.7,1.9,5.3,6.0,8.9,0.188,117,76,97,94.0,138.0,50.0,122.0,38.0,96.0,35.0,86.0,18,73
378,C.J. Watson,46,774,13.8,14.9,2.1,15.6,1.4,8.3,0.317,56,49,57,18.0,36.0,5.0,11.0,7.0,17.0,14.0,38.0,25,74
379,David West,42,484,17.0,21.9,2.8,23.8,6.4,18.6,0.261,60,26,35,25.0,38.0,16.0,28.0,5.0,14.0,25.0,50.0,2,4
380,Russell Westbrook,57,1974,41.8,16.1,2.3,56.3,5.8,27.5,0.441,137,497,600,232.0,398.0,22.0,92.0,108.0,250.0,80.0,233.0,124,367
381,Okaro White,14,226,10.8,16.4,0.7,3.7,4.4,12.7,0.41,28,15,16,6.0,10.0,1.0,4.0,2.0,2.0,1.0,4.0,8,19
382,Isaiah Whitehead,48,1048,18.6,21.0,1.2,20.2,1.6,10.0,0.189,121,52,63,63.0,129.0,19.0,55.0,6.0,17.0,13.0,43.0,28,89
383,Hassan Whiteside,52,1712,22.7,12.4,1.1,3.4,11.8,35.2,0.358,160,134,236,213.0,285.0,113.0,254.0,24.0,70.0,21.0,51.0,0,0
384,Andrew Wiggins,57,2120,28.2,9.7,1.2,11.6,3.9,9.2,0.342,121,272,361,187.0,284.0,56.0,142.0,67.0,156.0,107.0,271.0,72,203
385,Alan Williams,23,164,20.3,16.5,2.1,1.9,20.2,30.0,0.455,37,14,25,15.0,26.0,12.0,25.0,2.0,4.0,,,0,0
386,Deron Williams,40,1171,23.8,16.5,1.1,40.0,1.2,9.4,0.185,96,69,84,32.0,59.0,30.0,62.0,23.0,51.0,47.0,100.0,63,181
387,Derrick Williams,29,468,19.2,7.9,1.1,5.5,3.7,16.2,0.427,39,43,67,32.0,57.0,2.0,9.0,7.0,10.0,10.0,24.0,12,53
388,Lou Williams,58,1403,30.6,11.9,2.3,22.8,1.0,9.5,0.469,67,304,344,97.0,150.0,58.0,137.0,31.0,86.0,18.0,47.0,122,316
389,Marvin Williams,50,1423,17.4,6.6,1.3,6.6,3.6,17.3,0.172,83,70,83,57.0,98.0,27.0,68.0,13.0,37.0,11.0,28.0,86,248
390,Troy Williams,24,418,17.3,16.9,3.0,7.3,1.6,10.6,0.205,42,15,25,32.0,57.0,4.0,12.0,2.0,4.0,3.0,8.0,10,41
391,Justise Winslow,18,625,19.9,11.8,2.2,15.7,4.0,12.5,0.208,52,29,47,34.0,74.0,22.0,58.0,3.0,14.0,14.0,46.0,7,35
392,Jeff Withey,32,252,14.0,11.9,1.9,1.2,12.8,19.5,0.519,29,22,28,23.0,40.0,2.0,9.0,2.0,2.0,1.0,2.0,0,1
393,Brandan Wright,8,111,20.8,5.9,1.4,1.7,10.0,10.5,0.205,9,5,9,19.0,32.0,2.0,5.0,4.0,6.0,0.0,1.0,0,1
394,James Young,20,154,14.0,4.2,1.6,3.9,4.4,11.7,0.163,11,5,7,7.0,8.0,2.0,5.0,1.0,4.0,1.0,2.0,9,21
395,Joe Young,25,121,28.0,5.3,1.6,18.9,0.9,11.9,0.197,5,9,13,6.0,11.0,3.0,5.0,3.0,10.0,7.0,17.0,5,23
396,Nick Young,51,1351,19.4,4.9,1.2,6.5,1.9,7.9,0.158,122,73,86,29.0,46.0,6.0,17.0,18.0,43.0,41.0,85.0,147,356
397,Thaddeus Young,49,1524,16.6,13.1,2.9,8.1,5.5,16.4,0.136,95,36,63,109.0,167.0,67.0,125.0,7.0,21.0,14.0,40.0,44,111
398,Cody Zeller,39,1044,16.6,12.6,1.4,8.7,9.3,16.7,0.473,124,92,133,116.0,178.0,29.0,57.0,5.0,9.0,11.0,29.0,0,0
399,Tyler Zeller,35,413,16.5,9.2,0.7,12.1,10.1,17.7,0.205,44,15,26,36.0,61.0,9.0,25.0,0.0,2.0,13.0,35.0,0,1
400,Paul Zipser,23,350,14.7,13.6,1.0,4.1,2.4,13.8,0.275,24,20,25,9.0,18.0,5.0,11.0,1.0,4.0,3.0,12.0,13,46
401,Ivica Zubac,23,305,20.1,12.5,0.8,6.4,9.6,22.8,0.209,32,18,24,26.0,52.0,24.0,48.0,3.0,7.0,5.0,7.0,0,0
