,USG%,TOV%,STL%,AST%,ORB%,DRB%,PFP36,FTR,FT%,RIM FGR,RIM FG%,MR FGR,MR FG%,3PAR,3P%,RIM DFGAP36,RIM DFG%,kmeans_label,Name
0,16.0,9.5,1.6,5.2,2.1,6.7,0.112,0.204,0.0,0.375,0.476,0.625,0.4,0.0,0.0,4.143,70.3,7,Alex Abrines
1,19.5,8.7,0.8,1.8,7.7,15.5,4.945,0.308,0.85,0.328,0.476,0.203,0.462,0.469,0.467,0.989,80.0,4,Quincy Acy
2,16.8,16.3,1.7,5.6,12.6,15.9,2.782,0.369,0.674,0.575,0.651,0.421,0.467,0.004,0.0,6.244,58.5,8,Steven Adams
3,13.8,8.6,0.7,7.4,0.8,7.8,2.5,0.216,0.884,0.107,0.529,0.506,0.441,0.387,0.39,2.011,72.9,6,Arron Afflalo
4,16.3,16.3,1.7,3.0,7.7,23.7,4.526,0.247,0.708,0.351,0.676,0.619,0.367,0.031,0.0,6.994,60.3,8,Alexis Ajinca
5,9.0,13.5,2.5,7.3,11.4,24.3,6.102,0.284,0.667,0.554,0.683,0.446,0.333,0.0,0.0,8.466,65.8,1,Cole Aldrich
6,24.6,8.2,0.9,10.6,8.4,17.1,2.642,0.305,0.815,0.221,0.714,0.726,0.411,0.052,0.421,4.235,50.0,2,LaMarcus Aldridge
7,10.2,13.5,1.1,9.1,9.9,12.8,3.184,0.187,0.65,0.28,0.433,0.71,0.447,0.009,0.0,4.224,59.4,8,Lavoy Allen
8,17.8,13.7,3.3,7.1,9.3,13.8,3.347,0.251,0.629,0.659,0.551,0.267,0.286,0.074,0.226,2.662,60.4,1,Tony Allen
9,15.5,14.8,1.7,10.1,4.3,24.0,2.244,0.228,0.746,0.28,0.525,0.241,0.275,0.479,0.307,5.224,52.6,0,Al-Farouq Aminu
10,12.8,15.1,2.2,5.9,8.9,20.7,6.316,0.636,0.714,0.636,0.5,0.227,0.4,0.136,0.0,10.105,59.4,1,Chris Andersen
11,13.8,8.5,0.6,5.7,1.3,8.1,3.654,0.171,0.75,0.157,0.818,0.286,0.2,0.557,0.308,2.977,77.3,7,Alan Anderson
12,23.7,11.3,2.1,7.6,6.1,19.1,3.245,0.319,0.795,0.295,0.667,0.262,0.264,0.444,0.303,3.042,71.7,0,Justin Anderson
13,11.5,15.8,2.5,11.0,3.5,18.6,1.985,0.355,0.795,0.266,0.667,0.54,0.328,0.194,0.375,3.434,51.6,0,Kyle Anderson
14,17.7,7.0,0.8,4.6,6.0,12.2,2.442,0.207,0.847,0.153,0.549,0.212,0.365,0.634,0.407,4.736,66.4,6,Ryan Anderson
15,28.3,13.5,2.5,26.4,6.2,21.3,3.329,0.456,0.792,0.493,0.707,0.348,0.381,0.159,0.275,4.571,53.1,5,Giannis Antetokounmpo
16,29.6,8.7,1.3,14.9,2.7,16.3,2.852,0.271,0.824,0.137,0.558,0.564,0.449,0.299,0.378,2.946,62.2,6,Carmelo Anthony
17,14.3,7.9,2.7,9.0,2.2,15.7,1.667,0.133,0.718,0.193,0.646,0.104,0.328,0.703,0.353,2.957,70.3,7,Trevor Ariza
18,18.0,14.9,0.8,10.0,4.9,14.5,4.49,0.06,0.9,0.126,0.571,0.335,0.411,0.539,0.489,5.404,57.7,2,Darrell Arthur
19,8.9,14.6,0.5,4.3,10.4,25.3,3.809,0.6,0.59,0.725,0.517,0.275,0.636,0.0,0.0,7.32,59.2,8,Omer Asik
20,19.4,12.8,1.0,22.2,0.8,7.3,2.386,0.31,0.779,0.16,0.508,0.29,0.377,0.55,0.361,1.866,77.0,6,D.J. Augustin
21,13.0,7.7,1.0,4.4,1.6,12.8,3.83,0.076,0.733,0.051,0.2,0.254,0.4,0.695,0.387,3.878,59.3,4,Luke Babbitt
22,15.7,16.7,2.4,13.9,2.0,11.4,3.183,0.22,0.6,0.363,0.485,0.187,0.294,0.451,0.317,3.073,57.1,0,Ron Baker
23,18.9,24.0,2.3,24.0,2.5,9.8,3.612,0.381,0.844,0.298,0.44,0.488,0.317,0.214,0.111,3.495,66.7,3,Wade Baldwin
24,19.3,8.5,1.6,14.2,1.7,10.5,2.897,0.089,0.84,0.335,0.596,0.438,0.341,0.228,0.422,1.81,65.7,6,Leandro Barbosa
25,25.4,13.1,1.1,35.2,1.3,13.0,1.054,0.172,0.939,0.172,0.515,0.443,0.447,0.385,0.351,1.784,77.3,6,J.J. Barea
26,26.2,6.4,1.3,8.0,3.9,13.8,1.614,0.197,0.841,0.165,0.697,0.658,0.452,0.177,0.335,2.744,73.2,6,Harrison Barnes
27,16.4,16.8,1.3,16.4,4.7,20.5,3.634,0.172,0.758,0.208,0.563,0.242,0.355,0.549,0.327,3.503,72.2,0,Matt Barnes
28,20.6,11.7,1.4,17.2,4.3,13.8,2.327,0.303,0.759,0.313,0.541,0.354,0.424,0.333,0.381,2.622,60.7,6,Will Barton
29,18.6,13.7,0.9,6.9,6.8,14.6,2.725,0.396,0.906,0.485,0.754,0.5,0.448,0.015,0.5,4.046,71.4,6,Brandon Bass
30,21.3,16.2,1.6,27.6,2.2,19.6,1.649,0.312,0.847,0.115,0.649,0.474,0.387,0.411,0.36,2.591,63.6,5,Nicolas Batum
31,13.8,14.3,0.8,3.0,8.7,20.4,5.217,0.366,0.871,0.482,0.533,0.518,0.434,0.0,0.0,6.683,52.3,8,Aron Baynes
32,20.4,13.6,2.4,14.6,2.3,10.3,2.891,0.227,0.715,0.262,0.556,0.378,0.351,0.361,0.332,2.696,53.2,0,Kent Bazemore
33,26.4,9.9,1.5,17.1,2.0,7.4,2.274,0.268,0.811,0.237,0.608,0.325,0.473,0.438,0.402,2.315,75.2,6,Bradley Beal
34,24.4,13.5,1.5,10.3,5.0,19.0,3.409,0.282,0.71,0.306,0.693,0.582,0.469,0.112,0.432,4.0,56.8,2,Michael Beasley
35,19.0,9.3,1.3,12.1,0.9,10.1,1.976,0.235,0.885,0.125,0.667,0.4,0.428,0.475,0.376,1.862,83.1,6,Marco Belinelli
36,14.7,11.1,0.9,11.2,3.3,13.3,2.007,0.189,0.429,0.595,0.636,0.257,0.368,0.149,0.0,2.677,55.0,7,DeAndre' Bembry
37,13.5,17.5,0.9,5.0,3.6,15.7,4.491,0.065,0.375,0.194,0.625,0.153,0.263,0.653,0.321,4.64,56.5,0,Dragan Bender
38,19.4,10.0,0.9,7.1,10.1,21.0,2.455,0.391,0.722,0.37,0.676,0.109,0.2,0.522,0.271,4.227,71.0,1,Anthony Bennett
39,15.3,10.6,1.3,8.8,3.2,10.3,3.561,0.194,0.8,0.168,0.692,0.103,0.375,0.729,0.389,6.345,58.2,0,Davis Bertans
40,14.1,14.2,2.3,20.2,4.7,15.8,3.833,0.118,0.814,0.199,0.606,0.275,0.388,0.525,0.39,3.78,68.1,0,Patrick Beverley
41,13.1,17.8,0.7,6.2,9.0,25.5,3.69,0.707,0.494,0.574,0.671,0.426,0.327,0.0,0.0,7.433,58.4,1,Bismack Biyombo
42,16.5,14.2,1.8,9.4,4.5,17.9,4.714,0.179,0.74,0.238,0.612,0.235,0.47,0.527,0.311,5.588,55.1,2,Nemanja Bjelica
43,16.4,14.3,1.2,6.5,14.7,21.7,6.152,0.407,0.718,0.665,0.626,0.325,0.279,0.01,0.5,7.065,56.5,1,Tarik Black
44,28.2,14.7,2.0,31.5,2.9,14.0,2.824,0.442,0.85,0.283,0.611,0.419,0.405,0.298,0.332,3.366,64.9,5,Eric Bledsoe
45,22.4,11.8,0.8,10.1,1.7,12.3,2.405,0.273,0.874,0.319,0.61,0.227,0.367,0.453,0.357,2.915,66.7,6,Bojan Bogdanovic
46,10.5,33.4,1.2,12.3,10.5,34.3,5.196,0.136,0.273,0.451,0.568,0.537,0.386,0.012,0.0,5.876,52.6,3,Andrew Bogut
47,27.9,12.7,1.2,15.6,1.9,7.2,3.315,0.286,0.827,0.214,0.594,0.498,0.387,0.288,0.367,2.57,57.2,6,Devin Booker
48,17.8,17.0,2.3,13.6,8.6,25.7,2.993,0.213,0.667,0.457,0.658,0.41,0.468,0.133,0.268,4.449,58.8,2,Trevor Booker
49,22.5,10.3,1.9,11.3,3.6,18.6,2.807,0.117,0.762,0.26,0.636,0.395,0.427,0.345,0.409,2.807,68.4,6,Avery Bradley
50,13.1,12.7,2.0,9.0,2.5,11.2,4.056,0.194,0.727,0.383,0.598,0.203,0.435,0.414,0.234,3.042,64.1,0,Corey Brewer
51,18.1,15.2,2.3,23.9,2.7,9.3,2.586,0.215,0.851,0.393,0.547,0.317,0.324,0.29,0.417,2.945,72.2,3,Malcolm Brogdon
52,19.6,17.3,1.7,22.5,2.4,6.4,3.545,0.128,0.793,0.177,0.425,0.376,0.482,0.447,0.337,2.345,76.7,3,Aaron Brooks
53,15.6,10.7,1.5,7.7,5.3,16.9,3.396,0.0,0.0,0.14,0.571,0.32,0.438,0.54,0.259,3.396,73.3,7,Anthony Brown
54,18.0,11.2,1.3,6.1,3.8,14.8,3.99,0.337,0.721,0.434,0.596,0.291,0.301,0.275,0.304,2.762,54.0,0,Jaylen Brown
55,14.1,15.1,2.1,15.4,4.5,16.5,3.073,0.155,0.667,0.069,0.75,0.259,0.533,0.672,0.308,3.366,56.5,0,Nicolas Brussino
56,15.0,8.2,1.4,8.0,3.0,11.5,2.488,0.062,0.5,0.246,0.813,0.262,0.294,0.492,0.313,2.82,64.7,7,Reggie Bullock
57,19.6,14.7,0.8,21.0,1.3,6.6,2.743,0.107,0.72,0.151,0.514,0.591,0.453,0.259,0.417,2.407,69.8,3,Trey Burke
58,22.7,11.7,2.0,6.9,1.9,11.9,3.273,0.376,0.682,0.303,0.455,0.358,0.538,0.339,0.324,2.483,68.2,6,Alec Burks
59,27.2,9.3,2.5,23.1,4.8,14.0,1.678,0.582,0.868,0.268,0.599,0.521,0.422,0.211,0.337,2.661,67.4,5,Jimmy Butler
60,15.3,24.8,1.2,25.2,2.9,12.7,2.712,0.052,1.0,0.104,0.75,0.455,0.4,0.442,0.353,3.205,92.3,3,Jose Calderon
61,19.3,8.5,1.9,12.4,2.5,8.6,1.801,0.197,0.833,0.156,0.63,0.391,0.364,0.453,0.372,1.821,73.0,6,Kentavious Caldwell-Pope
62,15.0,9.7,1.9,9.0,1.1,7.9,2.203,0.189,0.903,0.146,0.542,0.317,0.462,0.537,0.273,1.951,71.0,6,Isaiah Canaan
63,19.6,11.6,1.0,6.3,11.2,24.4,4.068,0.321,0.5,0.756,0.734,0.244,0.365,0.0,0.0,9.72,55.9,1,Clint Capela
64,15.8,7.7,2.2,5.3,3.7,13.1,2.59,0.204,0.77,0.164,0.614,0.265,0.416,0.571,0.352,3.681,55.9,0,DeMarre Carroll
65,15.4,6.8,1.7,11.7,2.3,13.2,3.414,0.25,0.721,0.192,0.5,0.218,0.347,0.59,0.365,2.426,56.8,0,Vince Carter
66,20.7,15.9,1.8,18.3,3.3,19.8,4.166,0.286,0.763,0.203,0.659,0.584,0.373,0.213,0.209,3.295,50.9,2,Michael Carter-Williams
67,16.3,11.9,1.3,10.3,5.9,20.6,2.086,0.179,0.571,0.453,0.604,0.299,0.286,0.248,0.379,3.446,65.8,7,Omri Casspi
68,19.5,10.4,2.0,6.9,8.4,16.0,4.937,0.283,0.603,0.516,0.713,0.475,0.406,0.009,0.0,6.157,57.7,8,Willie Cauley-Stein
69,11.4,19.2,1.2,3.3,12.8,33.7,3.495,0.544,0.734,0.895,0.711,0.105,0.333,0.0,0.0,6.074,61.6,1,Tyson Chandler
70,22.3,10.5,1.4,10.6,5.6,18.7,2.798,0.206,0.732,0.259,0.682,0.419,0.404,0.323,0.338,3.567,52.9,2,Wilson Chandler
71,19.7,12.2,2.0,5.1,6.5,14.4,5.854,0.261,0.631,0.398,0.567,0.251,0.354,0.35,0.297,3.903,69.0,0,Marquese Chriss
72,14.1,14.3,1.2,21.5,2.6,8.0,3.051,0.146,0.478,0.283,0.533,0.453,0.306,0.264,0.19,3.234,71.7,7,Semaj Christon
73,18.9,10.4,1.8,12.1,2.0,8.6,2.525,0.149,0.75,0.224,0.633,0.362,0.474,0.414,0.396,1.981,75.0,6,Ian Clark
74,23.1,12.7,2.2,12.6,2.6,9.1,2.495,0.157,0.782,0.25,0.623,0.441,0.437,0.31,0.332,2.45,68.5,6,Jordan Clarkson
75,19.7,12.4,1.7,22.4,1.5,6.5,2.185,0.223,0.856,0.239,0.635,0.487,0.44,0.275,0.421,1.449,73.8,6,Darren Collison
76,26.1,12.1,2.1,34.6,1.8,10.7,1.868,0.35,0.861,0.197,0.6,0.4,0.394,0.403,0.41,2.922,71.3,5,Mike Conley
77,11.0,12.3,1.0,10.8,5.0,12.7,2.4,0.231,0.778,0.421,0.625,0.158,0.167,0.421,0.438,3.138,41.2,0,Pat Connaughton
78,37.5,13.2,2.0,27.9,7.1,29.1,3.865,0.491,0.77,0.327,0.614,0.433,0.384,0.24,0.354,5.35,53.4,5,DeMarcus Cousins
79,18.7,14.4,3.0,8.0,5.1,16.8,3.452,0.222,0.791,0.273,0.576,0.139,0.254,0.588,0.327,3.127,59.3,0,Robert Covington
80,14.9,9.0,1.0,6.5,1.0,9.8,2.801,0.213,0.865,0.148,0.652,0.405,0.414,0.447,0.43,2.01,70.8,6,Allen Crabbe
81,23.2,13.0,1.4,16.6,1.0,5.9,1.891,0.214,0.842,0.093,0.586,0.544,0.412,0.363,0.344,1.963,64.6,6,Jamal Crawford
82,16.6,8.3,1.6,9.9,2.2,15.9,2.546,0.254,0.866,0.189,0.807,0.247,0.348,0.563,0.405,2.428,65.0,0,Jae Crowder
83,11.0,7.2,1.0,3.9,3.5,14.2,2.352,0.059,0.571,0.257,0.574,0.232,0.382,0.511,0.388,4.636,64.0,7,Dante Cunningham
84,18.9,10.9,2.2,16.3,1.7,9.3,2.403,0.121,0.8,0.137,0.627,0.4,0.467,0.463,0.416,1.864,73.7,6,Seth Curry
85,29.0,12.7,2.4,29.1,2.1,11.4,2.35,0.256,0.916,0.214,0.644,0.234,0.447,0.552,0.41,1.763,70.0,5,Stephen Curry
86,22.1,7.2,1.0,6.5,1.9,6.9,2.863,0.139,0.818,0.057,0.333,0.243,0.39,0.7,0.392,3.105,64.1,4,Troy Daniels
87,32.5,9.9,1.7,11.7,6.5,28.3,2.335,0.428,0.801,0.263,0.683,0.658,0.456,0.079,0.306,5.324,55.4,5,Anthony Davis
88,13.2,14.9,0.3,1.7,10.3,21.7,6.098,0.385,0.533,0.667,0.615,0.333,0.308,0.0,0.0,6.295,40.6,1,Deyonta Davis
89,11.8,17.3,1.0,4.9,13.1,20.8,6.216,0.54,0.627,0.719,0.58,0.281,0.41,0.0,0.0,5.567,55.8,1,Ed Davis
90,12.6,14.1,1.6,4.7,11.0,31.2,5.036,0.365,0.708,0.691,0.707,0.309,0.436,0.0,0.0,5.743,49.3,1,Dewayne Dedmon
91,15.9,8.7,1.4,8.1,7.8,14.0,2.11,0.154,0.589,0.427,0.662,0.136,0.367,0.438,0.323,4.409,61.4,7,Sam Dekker
92,18.9,17.8,1.5,22.9,0.9,10.1,3.197,0.233,0.811,0.126,0.45,0.593,0.436,0.281,0.258,1.671,82.6,3,Malcolm Delaney
93,15.9,19.5,1.6,27.3,1.5,7.2,2.771,0.206,0.803,0.159,0.418,0.449,0.413,0.391,0.363,2.337,66.3,3,Matthew Dellavedova
94,14.2,8.7,1.6,7.0,4.4,17.5,1.46,0.152,0.73,0.278,0.626,0.331,0.277,0.391,0.315,3.81,68.2,7,Luol Deng
95,34.2,8.6,1.6,19.3,3.1,13.9,1.927,0.407,0.845,0.14,0.689,0.789,0.443,0.071,0.253,2.048,67.3,5,DeMar DeRozan
96,15.6,22.1,0.8,18.4,3.6,9.1,2.436,0.112,0.792,0.366,0.692,0.366,0.333,0.268,0.263,4.252,61.2,3,Boris Diaw
97,14.5,12.4,1.6,8.6,8.1,20.7,3.61,0.22,0.781,0.333,0.629,0.606,0.464,0.061,0.379,6.805,60.6,2,Gorgui Dieng
98,14.4,16.0,1.2,19.8,1.8,11.1,3.37,0.423,0.845,0.296,0.54,0.42,0.394,0.284,0.417,2.809,61.8,4,Spencer Dinwiddie
99,18.2,15.5,2.4,21.0,2.3,17.0,4.332,0.274,0.85,0.151,0.455,0.479,0.457,0.37,0.222,2.838,57.9,3,Toney Douglas
100,26.6,15.3,1.5,31.0,2.4,10.0,2.936,0.331,0.785,0.27,0.622,0.478,0.438,0.251,0.428,3.0,57.9,5,Goran Dragic
101,23.5,13.0,2.9,5.6,14.6,36.2,3.463,0.366,0.439,0.491,0.682,0.5,0.381,0.009,0.333,5.574,61.7,1,Andre Drummond
102,13.7,16.0,1.4,11.2,2.6,15.5,4.217,0.197,0.634,0.183,0.711,0.25,0.442,0.567,0.432,4.87,58.0,0,Jared Dudley
103,14.0,11.9,0.8,8.1,2.1,13.0,2.954,0.174,0.767,0.203,0.657,0.169,0.276,0.628,0.389,2.954,51.9,0,Mike Dunleavy
104,14.9,23.9,2.7,21.1,2.1,13.3,4.49,0.245,0.58,0.24,0.49,0.52,0.349,0.24,0.265,3.061,61.3,3,Kris Dunn
105,27.8,10.4,1.6,22.4,2.1,22.9,2.015,0.374,0.876,0.268,0.796,0.432,0.494,0.3,0.374,4.613,58.8,5,Kevin Durant
106,17.8,4.6,1.3,7.9,1.2,7.3,1.744,0.096,0.912,0.056,0.8,0.295,0.457,0.649,0.355,2.746,63.5,6,Wayne Ellington
107,16.0,18.9,1.7,17.8,0.7,10.7,2.678,0.273,0.787,0.234,0.658,0.533,0.4,0.234,0.304,2.002,68.9,3,Monta Ellis
108,36.2,17.9,1.7,16.4,8.5,25.6,5.13,0.569,0.783,0.326,0.636,0.445,0.393,0.228,0.367,8.565,43.9,2,Joel Embiid
109,13.2,14.7,1.6,6.1,5.7,13.4,4.122,0.347,0.786,0.405,0.612,0.165,0.3,0.43,0.413,3.027,66.0,0,James Ennis
110,19.5,26.9,1.5,24.5,2.3,8.5,5.327,0.047,0.667,0.328,0.667,0.422,0.185,0.25,0.375,3.673,80.0,3,Tyler Ennis
111,27.3,13.4,2.4,31.8,1.3,17.9,3.114,0.256,0.776,0.445,0.535,0.247,0.286,0.308,0.3,3.57,66.0,5,Tyreke Evans
112,17.7,15.3,0.9,14.1,2.3,8.7,4.483,0.159,0.838,0.435,0.574,0.151,0.457,0.414,0.271,2.727,62.7,0,Dante Exum
113,17.3,10.9,1.6,5.9,15.6,24.3,3.469,0.54,0.689,0.677,0.643,0.306,0.421,0.016,0.0,4.878,62.7,1,Kenneth Faried
114,20.7,11.4,2.1,7.5,8.6,20.8,3.224,0.296,0.635,0.375,0.559,0.6,0.434,0.025,0.25,6.294,53.7,8,Derrick Favors
115,22.4,13.2,1.9,20.7,1.0,10.0,3.684,0.341,0.711,0.326,0.512,0.523,0.362,0.152,0.35,1.684,68.8,3,Kay Felder
116,12.5,10.1,1.2,5.7,14.0,19.6,3.968,0.478,0.662,0.709,0.652,0.291,0.326,0.0,0.0,8.032,60.1,1,Cristiano Felicio
117,17.1,12.9,1.8,17.4,2.6,11.8,2.891,0.104,0.78,0.279,0.627,0.426,0.363,0.294,0.371,2.54,71.3,3,Raymond Felton
118,19.7,15.4,1.9,21.5,1.8,8.4,2.62,0.247,0.821,0.2,0.581,0.316,0.347,0.484,0.4,2.17,58.6,0,Yogi Ferrell
119,11.1,12.7,1.6,6.1,3.2,11.9,2.929,0.221,0.766,0.241,0.667,0.156,0.303,0.604,0.313,3.402,61.1,0,Dorian Finney-Smith
120,23.7,12.8,1.4,17.1,2.2,8.8,3.048,0.29,0.82,0.277,0.602,0.362,0.406,0.361,0.343,2.274,62.8,6,Evan Fournier
121,15.3,20.6,1.0,16.3,1.1,12.3,2.701,0.172,0.811,0.191,0.537,0.205,0.295,0.605,0.338,3.144,59.2,0,Randy Foye
122,18.0,18.9,1.8,33.9,2.1,9.9,3.327,0.336,0.798,0.305,0.622,0.414,0.328,0.281,0.349,2.696,71.4,3,Tim Frazier
123,20.0,8.1,1.0,5.5,3.6,18.3,3.64,0.146,0.843,0.132,0.565,0.215,0.44,0.653,0.408,7.038,59.8,2,Channing Frye
124,19.3,8.9,0.9,9.4,1.8,14.4,1.604,0.521,0.887,0.211,0.639,0.378,0.373,0.411,0.381,2.705,66.4,6,Danilo Gallinari
125,19.5,5.7,1.7,8.9,1.9,9.6,2.443,0.118,0.769,0.093,0.488,0.299,0.326,0.608,0.377,2.282,60.6,6,Langston Galloway
126,26.9,10.6,1.4,24.0,2.6,18.3,2.532,0.308,0.846,0.126,0.679,0.648,0.453,0.226,0.385,5.673,51.7,2,Marc Gasol
127,20.1,10.7,0.8,16.1,6.7,26.8,2.309,0.277,0.644,0.219,0.625,0.663,0.479,0.118,0.465,6.682,56.5,2,Pau Gasol
128,25.7,12.8,2.3,14.2,4.0,17.8,2.808,0.312,0.855,0.233,0.689,0.511,0.389,0.256,0.372,3.447,48.5,2,Rudy Gay
129,28.1,12.7,2.2,15.5,2.7,16.4,2.641,0.279,0.914,0.134,0.617,0.518,0.444,0.348,0.383,2.983,66.9,5,Paul George
130,26.4,16.3,1.8,18.7,0.5,11.2,3.273,0.305,0.724,0.179,0.412,0.347,0.394,0.474,0.333,2.649,82.4,3,Jonathan Gibson
131,19.1,11.7,0.9,6.6,8.5,19.3,2.948,0.225,0.714,0.417,0.687,0.56,0.411,0.023,0.167,5.033,53.3,8,Taj Gibson
132,20.9,15.5,3.0,19.5,2.3,11.6,3.265,0.265,0.821,0.204,0.508,0.292,0.247,0.503,0.406,1.752,70.5,3,Manu Ginobili
133,16.1,15.9,1.1,4.9,13.7,29.2,3.242,0.831,0.662,0.84,0.715,0.158,0.274,0.003,0.0,8.425,48.5,1,Rudy Gobert
134,19.6,9.1,1.3,11.2,5.1,13.4,2.721,0.244,0.65,0.301,0.686,0.358,0.338,0.342,0.292,3.116,59.0,6,Aaron Gordon
135,23.6,10.4,0.9,14.2,1.2,8.5,2.383,0.159,0.838,0.178,0.626,0.173,0.331,0.649,0.385,2.247,65.7,6,Eric Gordon
136,14.4,13.6,0.8,6.6,10.7,26.3,3.092,0.226,0.682,0.559,0.697,0.439,0.471,0.002,0.0,7.378,59.1,8,Marcin Gortat
137,10.2,8.2,0.9,6.6,2.0,12.1,4.755,0.556,0.7,0.278,0.2,0.278,0.2,0.444,0.625,2.717,87.5,4,Treveon Graham
138,12.2,9.1,1.0,4.0,2.4,12.0,3.361,0.461,0.613,0.391,0.64,0.281,0.306,0.328,0.381,4.36,52.8,0,Jerami Grant
139,16.3,13.1,2.2,14.1,1.6,8.7,3.424,0.268,0.915,0.189,0.585,0.387,0.381,0.424,0.348,3.091,66.2,0,Jerian Grant
140,13.2,13.9,2.0,9.3,1.6,12.0,2.443,0.057,0.833,0.098,0.613,0.181,0.368,0.721,0.405,3.763,63.4,0,Danny Green
141,15.5,19.4,3.0,27.9,4.9,21.3,3.241,0.325,0.674,0.399,0.661,0.191,0.2,0.41,0.319,6.378,48.5,0,Draymond Green
142,22.7,7.7,0.9,11.2,4.1,13.7,3.424,0.144,0.808,0.126,0.545,0.406,0.38,0.469,0.366,3.249,75.7,6,Gerald Green
143,14.2,14.3,1.3,6.8,8.6,20.9,4.458,0.344,0.798,0.44,0.6,0.277,0.423,0.283,0.368,3.445,59.5,2,JaMychal Green
144,20.3,11.0,1.1,7.7,2.6,12.0,2.214,0.3,0.864,0.225,0.558,0.42,0.397,0.355,0.28,4.206,70.4,6,Jeff Green
145,29.6,10.8,1.6,26.3,7.3,21.4,2.735,0.413,0.758,0.372,0.641,0.568,0.409,0.06,0.306,4.207,66.4,5,Blake Griffin
146,15.4,10.0,1.2,6.6,6.6,17.2,2.607,0.11,0.719,0.241,0.729,0.248,0.486,0.51,0.304,8.473,58.8,2,Justin Hamilton
147,22.7,8.9,1.2,14.3,1.5,9.5,1.702,0.214,0.72,0.281,0.646,0.247,0.403,0.472,0.349,1.648,58.1,6,Tim Hardaway
148,34.5,19.7,1.9,50.7,3.6,21.4,2.645,0.581,0.852,0.225,0.687,0.294,0.398,0.481,0.353,3.781,70.4,5,James Harden
149,16.3,11.1,2.0,5.4,6.3,11.7,3.399,0.155,0.667,0.483,0.574,0.173,0.475,0.344,0.346,3.279,53.3,0,Maurice Harkless
150,17.9,10.8,1.0,10.2,8.7,13.5,3.772,0.339,0.649,0.67,0.73,0.319,0.466,0.011,0.333,6.191,62.9,8,Montrezl Harrell
151,18.4,10.6,1.8,15.9,1.5,13.2,3.313,0.381,0.865,0.243,0.422,0.205,0.342,0.551,0.324,2.098,71.1,4,Devin Harris
152,19.0,10.4,2.0,13.3,3.4,9.1,1.963,0.229,0.74,0.39,0.618,0.235,0.329,0.375,0.421,1.688,72.1,7,Gary Harris
153,16.5,12.2,1.3,7.8,1.4,12.1,3.883,0.139,0.723,0.26,0.545,0.139,0.404,0.602,0.387,3.202,71.3,0,Joe Harris
154,21.9,8.4,1.1,8.2,1.9,16.4,1.797,0.198,0.891,0.196,0.692,0.513,0.492,0.29,0.338,3.634,62.6,6,Tobias Harris
155,16.2,15.9,2.0,20.2,1.8,8.3,4.864,0.546,0.766,0.282,0.463,0.285,0.247,0.433,0.26,2.819,61.5,4,Andrew Harrison
156,12.6,21.9,2.0,6.5,6.8,23.1,5.86,0.682,0.6,0.458,0.818,0.458,0.182,0.083,0.0,5.86,71.4,1,Udonis Haslem
157,19.4,14.7,1.0,16.2,5.5,19.5,3.508,0.156,0.882,0.362,0.646,0.385,0.44,0.252,0.291,6.153,62.6,2,Spencer Hawes
158,27.6,9.2,1.5,18.3,2.1,16.1,1.684,0.427,0.87,0.228,0.69,0.434,0.405,0.337,0.385,1.788,62.8,5,Gordon Hayward
159,17.6,9.7,1.2,11.2,1.8,9.7,2.584,0.288,0.851,0.221,0.674,0.494,0.396,0.285,0.369,2.701,70.7,6,Gerald Henderson
160,16.4,14.2,1.4,8.0,8.1,20.9,4.684,0.401,0.707,0.49,0.636,0.506,0.392,0.004,0.0,7.665,61.6,8,John Henson
161,13.5,8.6,1.6,5.4,6.7,18.7,3.023,0.364,0.702,0.364,0.596,0.163,0.19,0.473,0.426,4.57,69.2,0,Juan Hernangomez
162,18.7,17.0,1.4,10.2,13.2,27.3,3.745,0.283,0.729,0.628,0.645,0.328,0.383,0.045,0.273,9.129,55.9,1,Willy Hernangomez
163,20.7,17.0,1.6,9.8,2.3,14.7,3.006,0.098,0.765,0.174,0.6,0.366,0.302,0.459,0.316,3.392,63.6,0,Mario Hezonja
164,13.8,14.9,0.6,4.5,8.5,15.8,5.204,0.521,0.813,0.389,0.696,0.611,0.443,0.0,0.0,7.028,47.3,8,Roy Hibbert
165,20.4,9.0,0.8,10.4,1.7,13.4,2.512,0.07,0.879,0.246,0.517,0.242,0.316,0.512,0.369,3.318,73.8,6,Buddy Hield
166,19.0,15.3,2.2,8.1,8.0,17.1,5.218,0.558,0.59,0.582,0.724,0.39,0.454,0.028,0.429,7.323,70.1,1,Nene Hilario
167,24.1,9.1,1.6,22.4,2.1,10.3,2.849,0.324,0.791,0.211,0.678,0.4,0.448,0.388,0.394,2.386,71.6,6,George Hill
168,11.2,13.2,1.5,8.4,1.9,11.7,2.898,0.271,0.807,0.281,0.547,0.16,0.265,0.559,0.357,3.635,64.6,0,Solomon Hill
169,19.5,15.8,1.2,11.1,0.8,9.8,3.848,0.25,0.708,0.125,0.583,0.5,0.313,0.375,0.25,1.738,78.6,3,Darrun Hilliard
170,24.6,17.1,2.4,38.4,2.5,10.7,2.781,0.222,0.69,0.303,0.599,0.4,0.427,0.296,0.393,2.887,64.2,3,Jrue Holiday
171,16.6,11.1,2.2,8.5,1.9,13.6,2.764,0.186,0.833,0.197,0.6,0.262,0.398,0.541,0.359,3.375,67.6,0,Justin Holiday
172,17.9,16.8,2.1,14.2,4.2,20.5,3.746,0.523,0.762,0.452,0.559,0.402,0.341,0.146,0.213,4.159,66.4,1,Rondae Hollis-Jefferson
173,18.3,13.0,1.6,8.4,10.5,19.0,4.445,0.314,0.62,0.478,0.737,0.384,0.311,0.138,0.364,7.506,57.3,1,Richaun Holmes
174,23.1,8.3,1.1,11.1,1.1,13.0,2.861,0.159,0.753,0.13,0.619,0.406,0.418,0.464,0.366,2.61,61.4,6,Rodney Hood
175,20.6,11.3,1.1,23.7,4.6,17.9,2.382,0.155,0.807,0.207,0.702,0.442,0.43,0.351,0.351,6.174,59.4,2,Al Horford
176,18.8,16.4,1.5,6.8,16.2,32.1,3.519,0.652,0.553,0.788,0.745,0.208,0.276,0.005,0.0,4.859,52.7,1,Dwight Howard
177,17.0,20.1,2.1,31.4,0.9,10.4,2.43,0.25,0.529,0.132,0.667,0.588,0.375,0.279,0.211,4.405,89.7,3,Marcelo Huertas
178,17.7,11.4,1.0,6.4,9.7,21.9,3.862,0.388,0.79,0.373,0.6,0.373,0.333,0.255,0.366,6.207,60.0,2,Kris Humphries
179,21.0,8.2,1.0,5.9,6.3,18.6,2.926,0.129,0.846,0.169,0.735,0.522,0.47,0.309,0.388,6.189,58.5,2,Serge Ibaka
180,10.3,11.2,1.7,16.4,3.2,12.8,1.694,0.205,0.691,0.352,0.745,0.191,0.373,0.457,0.361,2.685,72.8,7,Andre Iguodala
181,23.3,10.1,1.2,11.3,5.3,18.8,3.292,0.214,0.768,0.231,0.662,0.296,0.402,0.473,0.355,4.318,62.4,2,Ersan Ilyasova
182,13.7,17.5,2.8,16.3,1.0,13.2,3.16,0.168,0.809,0.175,0.792,0.196,0.296,0.629,0.439,2.126,63.5,0,Joe Ingles
183,15.6,12.6,0.8,10.0,2.7,13.7,2.446,0.331,0.655,0.244,0.541,0.454,0.305,0.302,0.304,2.94,71.0,6,Brandon Ingram
184,30.2,11.1,1.8,29.7,2.4,7.3,2.213,0.221,0.906,0.264,0.612,0.417,0.42,0.32,0.389,2.694,71.3,5,Kyrie Irving
185,26.6,14.0,1.4,31.3,1.6,7.2,3.378,0.224,0.85,0.252,0.471,0.468,0.44,0.281,0.363,2.358,56.7,3,Reggie Jackson
186,29.5,16.9,1.9,41.6,3.6,18.7,1.66,0.385,0.689,0.4,0.777,0.345,0.375,0.255,0.389,3.154,64.9,5,LeBron James
187,26.0,5.8,1.0,11.2,9.2,23.4,4.76,0.188,0.772,0.297,0.648,0.701,0.444,0.002,0.0,4.76,61.8,8,Al Jefferson
188,12.2,11.7,0.7,6.6,2.3,10.8,3.422,0.319,0.736,0.276,0.79,0.187,0.238,0.538,0.289,3.251,61.1,0,Richard Jefferson
189,17.8,18.1,1.9,28.2,1.5,9.7,2.003,0.312,0.754,0.226,0.532,0.303,0.349,0.471,0.342,2.183,74.1,3,Brandon Jennings
190,11.6,14.1,1.3,7.2,5.3,17.8,3.677,0.106,0.81,0.224,0.705,0.276,0.426,0.5,0.347,4.568,63.6,0,Jonas Jerebko
191,13.7,14.4,1.4,12.9,9.1,16.9,4.761,0.265,0.667,0.52,0.715,0.304,0.408,0.176,0.409,7.337,54.2,2,Amir Johnson
192,21.5,17.5,1.7,19.8,3.6,16.9,3.571,0.281,0.71,0.371,0.615,0.282,0.486,0.347,0.353,4.379,52.4,2,James Johnson
193,18.1,10.1,0.8,12.4,2.2,12.9,1.771,0.123,0.804,0.07,0.759,0.518,0.421,0.412,0.412,1.771,64.5,6,Joe Johnson
194,14.2,16.3,1.9,10.8,2.9,12.3,3.409,0.183,0.65,0.133,0.621,0.472,0.398,0.394,0.302,1.989,51.0,0,Stanley Johnson
195,20.6,7.4,2.0,16.4,2.5,12.8,2.916,0.309,0.761,0.248,0.582,0.45,0.391,0.302,0.349,3.849,55.9,6,Tyler Johnson
196,12.7,8.1,2.1,4.5,4.2,21.8,3.957,0.105,0.647,0.161,0.577,0.267,0.465,0.571,0.283,5.127,57.6,0,Wesley Johnson
197,23.1,14.1,1.4,26.9,12.8,24.3,4.094,0.274,0.816,0.365,0.66,0.482,0.582,0.153,0.365,7.861,63.2,2,Nikola Jokic
198,13.2,9.7,0.6,4.2,0.9,9.0,3.314,0.237,0.643,0.051,0.667,0.203,0.333,0.746,0.568,5.272,51.4,0,James Jones
199,21.4,7.9,1.5,7.5,5.4,20.0,1.908,0.348,0.606,0.4,0.677,0.446,0.369,0.154,0.253,6.009,63.0,6,Terrence Jones
200,14.0,16.7,2.9,27.5,2.0,7.4,2.533,0.28,0.808,0.194,0.444,0.344,0.438,0.462,0.372,2.08,87.0,3,Tyus Jones
201,15.1,14.6,0.9,5.6,12.8,35.2,3.043,0.739,0.502,0.865,0.735,0.133,0.431,0.003,0.0,6.147,54.2,1,DeAndre Jordan
202,18.4,11.1,1.6,18.1,2.8,10.5,2.665,0.218,0.791,0.28,0.607,0.55,0.374,0.17,0.394,3.07,69.8,6,Cory Joseph
203,21.4,8.3,1.5,13.4,3.5,16.2,2.452,0.187,0.748,0.232,0.563,0.338,0.386,0.43,0.308,5.116,63.5,6,Frank Kaminsky
204,26.3,12.1,1.0,8.6,13.3,20.9,3.653,0.382,0.789,0.569,0.664,0.365,0.477,0.066,0.161,8.264,54.9,2,Enes Kanter
205,14.5,7.9,1.4,7.0,7.3,19.9,2.776,0.317,0.765,0.513,0.591,0.468,0.327,0.019,0.125,4.12,54.5,8,Michael Kidd-Gilchrist
206,23.9,15.2,1.3,14.7,1.3,15.0,2.62,0.31,0.838,0.276,0.57,0.308,0.364,0.415,0.351,2.544,74.3,6,Sean Kilpatrick
207,25.2,12.9,1.1,18.1,2.2,9.6,2.747,0.293,0.857,0.246,0.558,0.489,0.359,0.265,0.324,2.589,73.2,6,Brandon Knight
208,14.8,12.5,1.1,9.8,0.6,11.2,2.065,0.09,0.886,0.043,0.647,0.292,0.474,0.665,0.45,3.451,63.6,0,Kyle Korver
209,14.3,14.2,1.5,5.3,9.6,23.2,4.356,0.187,0.549,0.46,0.706,0.536,0.476,0.004,0.0,5.544,62.5,8,Kosta Koufos
210,19.0,11.2,1.8,10.0,5.0,8.9,2.886,0.172,0.791,0.356,0.607,0.164,0.317,0.48,0.317,3.464,63.6,0,Mindaugas Kuzminskas
211,24.4,6.5,1.0,11.2,3.2,24.3,3.151,0.297,0.807,0.223,0.672,0.467,0.453,0.31,0.259,3.384,72.4,6,Jeremy Lamb
212,18.2,27.2,1.2,22.8,0.7,5.7,3.931,0.191,1.0,0.277,0.538,0.149,0.429,0.574,0.37,3.517,82.4,4,Nicolas Laprovittola
213,17.8,12.6,1.1,10.5,7.7,19.7,3.459,0.238,0.638,0.37,0.614,0.303,0.389,0.328,0.346,4.384,61.1,0,Joffrey Lauvergne
214,21.7,9.9,1.2,12.9,1.2,9.6,2.141,0.197,0.836,0.272,0.637,0.292,0.401,0.437,0.387,1.688,73.2,6,Zach LaVine
215,18.9,17.6,2.3,28.5,3.1,9.4,2.155,0.35,0.809,0.287,0.626,0.464,0.399,0.249,0.29,1.896,60.6,3,Ty Lawson
216,19.6,7.5,2.0,6.8,1.5,9.0,3.383,0.232,0.692,0.089,0.8,0.232,0.385,0.679,0.237,4.107,64.7,0,Jake Layman
217,13.5,7.6,1.4,9.4,2.6,8.5,2.12,0.11,0.84,0.145,0.606,0.451,0.439,0.404,0.418,2.717,69.1,6,Courtney Lee
218,17.0,14.5,1.1,13.5,11.2,22.5,3.132,0.287,0.702,0.587,0.703,0.413,0.446,0.0,0.0,5.595,52.8,8,David Lee
219,17.4,16.4,0.9,4.3,10.4,26.1,5.598,0.436,0.731,0.524,0.64,0.463,0.352,0.013,0.25,7.77,50.2,2,Alex Len
220,31.0,9.0,2.7,17.6,4.1,15.5,1.642,0.418,0.899,0.182,0.646,0.529,0.482,0.289,0.396,2.8,61.7,5,Kawhi Leonard
221,16.7,8.7,0.4,7.8,2.6,19.3,5.051,0.108,0.893,0.104,0.667,0.319,0.301,0.577,0.34,6.429,51.4,2,Meyers Leonard
222,17.0,8.7,0.8,9.6,5.4,18.2,2.767,0.192,0.906,0.253,0.813,0.47,0.462,0.278,0.325,4.725,59.1,2,Jon Leuer
223,16.2,14.4,2.2,14.1,1.8,12.8,2.636,0.262,0.735,0.241,0.689,0.23,0.395,0.529,0.303,2.636,70.2,0,Caris LeVert
224,10.9,19.3,3.0,9.3,2.1,10.3,3.628,0.267,0.677,0.405,0.532,0.216,0.16,0.379,0.386,3.181,66.7,0,DeAndre Liggins
225,30.6,10.3,1.0,28.0,2.1,13.2,2.26,0.369,0.901,0.262,0.6,0.357,0.399,0.382,0.347,2.535,66.7,5,Damian Lillard
226,25.6,17.8,2.5,40.2,0.7,12.9,1.44,0.315,0.707,0.277,0.583,0.354,0.522,0.369,0.333,3.48,48.3,5,Jeremy Lin
227,13.2,15.2,1.3,12.9,2.5,9.3,3.299,0.189,0.6,0.203,0.767,0.792,0.518,0.005,0.0,2.769,69.1,8,Shaun Livingston
228,12.5,11.2,1.5,8.0,10.6,18.9,5.566,0.36,0.656,0.708,0.746,0.202,0.111,0.09,0.25,5.207,56.9,1,Kevon Looney
229,29.3,11.7,0.9,16.0,5.7,12.7,3.125,0.325,0.835,0.23,0.663,0.443,0.463,0.328,0.344,5.94,56.6,2,Brook Lopez
230,16.6,9.7,0.3,5.4,13.1,13.7,2.417,0.143,0.676,0.321,0.519,0.677,0.48,0.002,0.0,9.26,52.7,8,Robin Lopez
231,26.6,11.0,1.4,9.6,8.9,28.9,2.014,0.366,0.876,0.203,0.559,0.334,0.411,0.463,0.384,5.673,63.6,2,Kevin Love
232,24.8,13.4,1.9,29.1,2.5,11.9,2.78,0.395,0.826,0.186,0.667,0.303,0.417,0.51,0.417,2.439,75.5,5,Kyle Lowry
233,16.8,17.9,1.0,9.8,2.2,11.2,4.966,0.417,0.764,0.473,0.557,0.178,0.13,0.349,0.311,3.14,53.5,4,Timothe Luwawu-Cabarrot
234,22.0,11.9,1.3,10.3,5.0,18.0,2.83,0.178,0.718,0.173,0.594,0.353,0.348,0.474,0.323,5.246,57.2,0,Trey Lyles
235,19.8,19.6,1.9,21.5,1.9,9.7,2.893,0.172,0.66,0.241,0.595,0.44,0.452,0.319,0.316,2.6,59.2,3,Shelvin Mack
236,19.2,8.6,1.4,2.8,8.1,18.0,5.78,0.338,0.6,0.311,0.696,0.257,0.263,0.432,0.5,6.44,61.5,0,Thon Maker
237,24.4,8.1,0.6,5.1,20.5,32.1,2.491,0.397,0.778,0.338,0.652,0.662,0.378,0.0,0.0,7.019,48.4,8,Boban Marjanovic
238,16.1,14.1,1.4,2.0,7.6,25.6,6.022,0.333,0.792,0.507,0.425,0.313,0.311,0.181,0.346,4.283,65.6,4,Jarell Martin
239,20.5,8.5,1.6,11.7,0.7,11.8,2.267,0.212,0.813,0.122,0.585,0.315,0.373,0.563,0.381,1.671,75.9,6,Wesley Matthews
240,11.7,10.6,2.3,2.5,3.6,8.2,2.664,0.248,0.719,0.446,0.617,0.244,0.381,0.31,0.388,3.464,64.1,7,Luc Mbah a Moute
241,13.6,14.3,1.3,5.4,6.3,12.0,3.532,0.246,0.5,0.569,0.73,0.385,0.4,0.046,0.0,8.151,58.3,8,James Michael McAdoo
242,12.6,13.2,1.3,9.6,1.9,6.6,2.459,0.131,0.611,0.175,0.667,0.241,0.394,0.584,0.35,3.089,65.3,7,Patrick McCaw
243,13.5,3.9,1.6,8.0,1.9,11.6,2.323,0.328,0.857,0.203,0.462,0.391,0.48,0.406,0.231,3.048,57.1,6,Sheldon McClellan
244,28.1,10.4,1.5,18.6,2.6,9.3,2.96,0.207,0.896,0.162,0.577,0.503,0.498,0.334,0.411,2.513,51.1,2,C.J. McCollum
245,14.1,22.5,2.9,37.6,1.8,11.5,2.472,0.152,0.776,0.357,0.634,0.538,0.402,0.105,0.212,2.051,69.2,3,T.J. McConnell
246,16.6,12.1,1.4,2.7,3.1,12.5,4.075,0.147,0.9,0.368,0.64,0.235,0.375,0.397,0.333,3.057,72.2,0,K.J. McDaniels
247,17.5,7.4,0.5,6.6,1.4,11.8,1.904,0.18,0.881,0.202,0.595,0.392,0.438,0.406,0.376,3.173,57.9,6,Doug McDermott
248,23.8,11.5,1.2,4.0,13.1,20.8,5.544,0.327,0.471,0.769,0.775,0.216,0.378,0.014,0.0,8.131,57.3,1,JaVale McGee
249,12.0,9.6,1.4,8.2,5.6,8.8,2.564,0.165,0.654,0.213,0.672,0.312,0.296,0.475,0.336,2.797,73.1,7,Rodney McGruder
250,18.2,11.9,1.5,7.3,2.0,7.9,2.769,0.16,0.775,0.188,0.702,0.38,0.316,0.432,0.37,2.196,56.5,0,Ben McLemore
251,20.5,7.9,1.0,7.4,1.8,9.6,2.835,0.228,0.794,0.271,0.462,0.382,0.382,0.347,0.34,3.874,63.4,6,Jordan McRae
252,16.9,15.9,1.3,19.1,6.6,14.8,2.929,0.076,0.667,0.291,0.588,0.444,0.212,0.265,0.419,5.008,66.0,0,Josh McRoberts
253,18.0,11.4,2.7,10.9,0.6,11.0,2.008,0.25,0.905,0.155,0.5,0.315,0.396,0.53,0.404,2.7,71.8,0,Jodie Meeks
254,9.4,22.7,2.0,2.3,11.9,29.2,5.991,0.391,0.647,0.723,0.75,0.253,0.524,0.024,0.0,8.636,52.5,1,Salah Mejri
255,15.6,17.3,0.9,6.3,11.6,15.5,2.793,0.345,0.6,0.633,0.579,0.333,0.3,0.033,0.0,6.828,72.7,1,Jordan Mickey
256,18.6,5.7,1.3,3.8,1.6,12.5,3.242,0.148,0.875,0.11,0.596,0.267,0.404,0.623,0.417,2.019,62.1,0,C.J. Miles
257,20.2,13.6,2.0,23.6,1.8,7.7,2.369,0.131,0.857,0.158,0.603,0.309,0.398,0.533,0.432,1.969,73.4,3,Patty Mills
258,24.2,11.5,2.1,18.0,5.6,19.6,2.804,0.384,0.763,0.252,0.607,0.489,0.411,0.259,0.327,5.848,59.2,5,Paul Millsap
259,19.4,11.0,1.6,6.0,3.5,21.6,2.805,0.212,0.771,0.207,0.605,0.194,0.395,0.598,0.299,4.809,59.0,0,Nikola Mirotic
260,23.9,13.6,2.9,16.2,10.5,24.7,3.117,0.361,0.726,0.578,0.621,0.417,0.433,0.004,0.0,6.295,61.7,1,Greg Monroe
261,18.0,9.6,1.4,14.0,2.2,7.2,2.802,0.102,0.756,0.178,0.62,0.484,0.447,0.338,0.387,3.546,63.7,6,E'Twaun Moore
262,20.0,7.4,1.2,9.7,3.0,13.0,2.161,0.175,0.8,0.115,0.646,0.52,0.439,0.366,0.333,2.375,56.6,6,Marcus Morris
263,21.4,12.1,1.8,8.3,5.3,18.5,3.685,0.268,0.816,0.266,0.626,0.505,0.401,0.229,0.367,4.532,56.1,2,Markieff Morris
264,16.3,2.9,1.6,4.5,1.9,3.2,2.297,0.117,0.885,0.064,0.571,0.395,0.471,0.541,0.294,2.813,69.4,6,Anthony Morrow
265,15.9,20.2,1.8,12.9,5.6,17.4,4.755,0.372,0.517,0.132,0.857,0.604,0.375,0.264,0.286,5.434,56.3,2,Donatas Motiejunas
266,16.8,16.3,0.7,5.9,9.9,16.3,4.264,0.234,0.803,0.44,0.657,0.557,0.398,0.003,0.0,6.744,60.3,8,Timofey Mozgov
267,22.4,16.6,1.5,21.5,2.3,11.8,2.416,0.293,0.775,0.352,0.503,0.321,0.282,0.327,0.308,2.91,80.0,3,Emmanuel Mudiay
268,20.1,7.4,0.7,3.8,5.8,11.3,2.112,0.319,0.787,0.329,0.643,0.413,0.367,0.258,0.414,1.869,57.4,6,Shabazz Muhammad
269,25.8,22.3,1.0,19.8,2.4,11.8,3.111,0.258,0.72,0.278,0.593,0.526,0.373,0.196,0.421,2.963,70.0,3,Dejounte Murray
270,21.1,13.1,1.2,12.9,3.3,10.9,2.484,0.18,0.877,0.217,0.592,0.299,0.348,0.483,0.33,2.516,74.4,6,Jamal Murray
271,15.2,12.9,1.2,10.4,6.9,13.6,2.927,0.198,0.778,0.289,0.696,0.399,0.45,0.311,0.424,5.854,53.8,2,Mike Muscala
272,13.1,13.2,2.6,10.2,8.2,19.0,3.894,0.224,0.723,0.441,0.753,0.498,0.438,0.062,0.154,5.758,71.2,8,Larry Nance Jr.
273,22.6,16.5,3.4,17.9,0.9,9.6,2.634,0.263,0.72,0.179,0.471,0.232,0.455,0.589,0.339,1.61,72.7,3,Shabazz Napier
274,14.7,10.1,2.8,1.0,6.7,14.1,4.0,0.25,0.9,0.425,0.765,0.45,0.222,0.125,0.2,4.25,70.6,7,Maurice Ndour
275,16.5,17.4,1.2,26.8,1.6,8.6,3.666,0.099,0.733,0.213,0.557,0.353,0.441,0.434,0.384,1.931,69.6,3,Jameer Nelson
276,15.8,15.3,3.0,14.9,0.6,10.0,4.563,0.068,1.0,0.373,0.682,0.271,0.375,0.356,0.286,3.211,57.9,0,Raul Neto
277,17.8,11.8,2.4,4.2,5.5,11.1,5.766,0.156,0.583,0.234,0.667,0.558,0.349,0.208,0.188,6.545,61.9,8,Andrew Nicholson
278,12.4,19.8,1.5,13.9,16.8,25.4,4.504,0.39,0.436,0.886,0.534,0.109,0.182,0.005,0.0,6.774,62.8,1,Joakim Noah
279,17.9,12.5,3.6,9.2,9.0,19.2,4.532,0.36,0.683,0.629,0.71,0.365,0.435,0.006,0.0,8.426,50.8,1,Nerlens Noel
280,9.6,19.2,2.3,5.2,8.6,16.6,4.582,0.444,0.657,0.795,0.767,0.146,0.364,0.06,0.333,7.637,55.9,1,Lucas Nogueira
281,26.1,6.3,1.4,11.1,2.0,26.2,2.723,0.185,0.87,0.078,0.536,0.588,0.41,0.333,0.387,5.308,55.7,2,Dirk Nowitzki
282,22.5,19.5,1.7,10.9,12.1,23.9,3.957,0.386,0.504,0.639,0.585,0.361,0.394,0.0,0.0,8.043,57.8,1,Jusuf Nurkic
283,18.8,14.4,1.4,12.6,14.0,25.0,5.057,0.178,0.75,0.49,0.657,0.479,0.436,0.031,0.111,9.0,47.6,2,Kyle O'Quinn
284,22.9,11.8,0.8,8.2,7.8,15.2,3.666,0.344,0.612,0.388,0.716,0.612,0.384,0.0,0.0,7.785,58.2,8,Jahlil Okafor
285,21.0,9.5,1.8,12.0,1.9,12.5,2.473,0.167,0.741,0.265,0.606,0.341,0.422,0.394,0.354,3.319,69.1,6,Victor Oladipo
286,18.6,14.1,1.5,14.5,4.7,20.4,4.412,0.236,0.707,0.35,0.765,0.224,0.368,0.426,0.379,5.916,58.8,0,Kelly Olynyk
287,14.2,9.4,1.8,4.1,4.1,14.2,4.373,0.22,0.75,0.28,0.654,0.253,0.37,0.467,0.296,3.222,68.4,0,Kelly Oubre
288,14.4,20.2,2.4,13.5,13.5,21.2,4.533,0.484,0.773,0.687,0.592,0.313,0.386,0.0,0.0,7.801,65.9,1,Zaza Pachulia
289,26.1,9.2,1.5,13.9,5.4,15.2,2.313,0.268,0.743,0.416,0.673,0.365,0.357,0.219,0.365,3.021,59.3,6,Jabari Parker
290,20.0,11.5,0.9,28.5,0.9,7.0,2.152,0.188,0.776,0.274,0.586,0.615,0.442,0.111,0.356,2.216,66.7,6,Tony Parker
291,18.3,7.6,1.7,13.5,0.6,13.8,2.478,0.194,0.857,0.294,0.604,0.294,0.208,0.411,0.27,1.583,65.2,6,Chandler Parsons
292,12.4,9.2,1.4,7.2,4.8,17.7,2.774,0.16,0.659,0.132,0.471,0.202,0.404,0.665,0.363,3.864,57.3,0,Patrick Patterson
293,24.1,14.3,3.6,50.0,2.7,16.0,2.849,0.363,0.876,0.077,0.618,0.525,0.506,0.399,0.395,2.493,68.8,5,Chris Paul
294,19.8,11.4,1.5,18.5,0.7,10.0,4.275,0.031,1.0,0.146,0.278,0.431,0.358,0.423,0.308,3.263,72.4,4,Cameron Payne
295,21.9,14.3,1.9,31.8,2.9,11.6,2.684,0.209,0.664,0.402,0.602,0.401,0.395,0.197,0.268,2.791,69.5,3,Elfrid Payton
296,15.5,15.0,1.0,1.8,0.0,12.7,5.882,0.244,0.8,0.073,0.333,0.268,0.364,0.659,0.37,2.353,60.0,4,Paul Pierce
297,18.1,14.0,1.6,21.4,8.5,23.2,3.507,0.511,0.565,0.607,0.663,0.38,0.337,0.013,0.0,6.921,53.0,1,Mason Plumlee
298,14.2,20.9,1.6,7.4,8.3,13.2,5.443,0.443,0.629,0.584,0.556,0.416,0.344,0.0,0.0,7.162,57.3,1,Miles Plumlee
299,10.9,16.6,1.6,3.6,13.3,15.9,6.678,0.483,0.571,0.759,0.5,0.241,0.5,0.0,0.0,7.409,59.2,1,Jakob Poeltl
300,15.5,6.0,2.2,6.7,4.4,17.7,2.668,0.153,0.795,0.202,0.724,0.354,0.507,0.443,0.465,3.577,66.5,2,Otto Porter
301,17.6,11.5,0.8,6.7,9.5,20.5,3.661,0.206,0.656,0.301,0.636,0.452,0.394,0.247,0.361,5.72,66.7,8,Bobby Portis
302,24.0,9.8,1.1,6.4,5.4,17.5,4.2,0.26,0.784,0.212,0.697,0.458,0.379,0.331,0.384,7.222,48.6,2,Kristaps Porzingis
303,15.7,5.9,2.8,6.9,8.5,19.7,3.653,0.376,0.767,0.522,0.732,0.386,0.362,0.092,0.24,6.076,69.4,1,Dwight Powell
304,19.3,10.8,2.1,9.0,2.1,10.9,3.251,0.278,0.773,0.421,0.582,0.248,0.38,0.33,0.343,2.585,72.7,6,Norman Powell
305,21.9,17.0,1.2,20.2,6.8,24.8,4.385,0.368,0.716,0.447,0.636,0.507,0.378,0.046,0.25,5.176,58.1,2,Julius Randle
306,28.8,8.3,1.1,13.7,11.3,27.8,3.052,0.189,0.758,0.28,0.65,0.622,0.4,0.098,0.25,4.563,66.2,8,Zach Randolph
307,22.4,9.2,1.2,7.4,0.8,7.6,2.067,0.204,0.883,0.089,0.518,0.384,0.444,0.526,0.421,2.187,76.9,6,J.J. Redick
308,15.1,8.4,0.7,3.7,13.5,22.3,4.205,0.313,0.567,0.573,0.709,0.411,0.367,0.016,0.333,7.231,54.6,8,Willie Reed
309,18.7,11.4,1.5,13.3,1.7,10.0,3.045,0.11,0.735,0.126,0.513,0.41,0.449,0.465,0.313,2.592,55.6,6,Josh Richardson
310,19.2,9.5,1.3,8.8,1.8,11.8,4.182,0.279,0.789,0.118,0.75,0.471,0.438,0.412,0.286,2.545,78.6,6,Malachi Richardson
311,20.0,12.2,1.3,16.1,1.2,6.9,3.134,0.251,0.691,0.303,0.579,0.304,0.358,0.393,0.399,2.568,59.6,6,Austin Rivers
312,10.3,9.0,1.9,4.4,4.2,14.3,2.847,0.247,0.43,0.496,0.645,0.079,0.148,0.425,0.241,4.766,57.1,7,Andre Roberson
313,17.3,17.6,0.7,23.9,2.2,9.5,1.233,0.595,0.864,0.139,0.0,0.5,0.389,0.361,0.462,1.726,71.4,4,Brian Roberts
314,12.6,9.4,1.2,4.7,4.6,13.9,1.555,0.217,0.721,0.228,0.587,0.413,0.439,0.359,0.384,2.841,65.3,6,Glenn Robinson
315,17.3,16.5,2.1,9.5,16.6,27.3,5.198,0.315,0.429,0.667,0.608,0.333,0.351,0.0,0.0,5.968,62.9,1,Thomas Robinson
316,19.8,20.5,1.7,35.9,1.4,10.5,2.176,0.051,0.714,0.118,0.583,0.398,0.383,0.484,0.371,1.617,82.7,3,Sergio Rodriguez
317,17.0,23.8,2.5,36.2,3.6,18.0,2.686,0.092,0.545,0.312,0.459,0.466,0.349,0.222,0.316,2.571,76.7,3,Rajon Rondo
318,26.2,12.7,1.1,23.1,3.8,9.3,1.609,0.228,0.865,0.413,0.555,0.514,0.418,0.072,0.241,2.378,66.7,6,Derrick Rose
319,19.7,6.2,2.2,5.8,1.3,11.8,2.446,0.104,0.82,0.115,0.673,0.348,0.47,0.537,0.375,2.625,70.5,6,Terrence Ross
320,16.2,8.8,1.7,13.8,3.3,15.6,1.989,0.176,0.765,0.287,0.457,0.294,0.349,0.418,0.331,2.601,64.7,6,Terry Rozier
321,14.9,22.4,2.8,36.2,3.3,10.6,2.859,0.462,0.872,0.214,0.5,0.425,0.417,0.361,0.281,2.683,71.3,3,Ricky Rubio
322,13.0,10.3,2.1,8.7,2.0,7.6,3.775,0.0,0.0,0.043,0.667,0.186,0.385,0.771,0.352,3.101,73.9,7,Damjan Rudez
323,10.5,12.2,1.5,5.3,2.2,9.1,1.217,0.122,0.7,0.134,0.455,0.256,0.238,0.61,0.4,2.87,60.6,0,Brandon Rush
324,26.8,15.9,2.2,28.9,2.2,13.6,2.622,0.231,0.772,0.122,0.538,0.437,0.395,0.441,0.349,2.978,76.1,3,D'Angelo Russell
325,14.9,15.3,1.2,7.0,3.1,15.9,4.198,0.094,0.697,0.282,0.557,0.358,0.366,0.36,0.315,5.597,54.2,0,Domantas Sabonis
326,22.9,15.0,1.3,11.8,6.0,20.7,2.553,0.208,0.784,0.273,0.553,0.327,0.344,0.4,0.327,5.026,62.8,0,Dario Saric
327,12.1,20.5,1.8,16.9,4.4,9.2,2.995,0.239,0.769,0.321,0.486,0.431,0.489,0.248,0.222,3.515,57.4,3,Tomas Satoransky
328,27.3,15.9,1.3,35.3,1.8,8.4,2.0,0.231,0.832,0.372,0.556,0.384,0.434,0.243,0.345,2.188,64.8,5,Dennis Schroder
329,18.7,16.9,1.4,12.7,11.8,19.9,4.92,0.245,0.676,0.382,0.672,0.289,0.341,0.329,0.34,5.232,65.7,0,Luis Scola
330,15.6,11.5,1.0,12.3,5.7,15.1,2.215,0.138,0.875,0.121,0.571,0.414,0.375,0.466,0.148,3.138,52.9,6,Mike Scott
331,13.7,11.5,3.2,8.9,3.4,14.7,2.121,0.197,0.772,0.37,0.636,0.356,0.369,0.273,0.329,2.628,68.7,7,Thabo Sefolosha
332,17.1,11.9,0.5,7.2,8.5,20.4,3.981,0.074,0.5,0.266,0.676,0.727,0.516,0.008,0.0,5.106,50.8,8,Kevin Seraphin
333,19.8,12.7,1.5,24.3,1.6,8.2,1.909,0.449,0.771,0.314,0.518,0.451,0.311,0.235,0.339,1.953,56.8,6,Ramon Sessions
334,13.5,12.5,1.9,8.5,2.5,10.0,2.803,0.206,0.773,0.163,0.654,0.254,0.333,0.583,0.403,2.859,65.0,0,Iman Shumpert
335,12.8,13.4,1.4,2.7,8.2,15.1,4.6,0.171,0.688,0.471,0.614,0.508,0.421,0.021,0.0,6.03,57.8,8,Pascal Siakam
336,17.8,14.3,1.9,12.9,1.7,12.5,3.822,0.348,0.75,0.362,0.6,0.409,0.363,0.228,0.302,3.134,63.4,3,Jonathon Simmons
337,10.5,14.3,0.5,2.4,1.6,10.9,2.553,0.2,0.818,0.345,0.737,0.182,0.2,0.473,0.231,4.468,62.9,0,Kyle Singler
338,18.2,16.4,2.8,21.2,3.4,10.7,2.66,0.298,0.773,0.213,0.5,0.339,0.361,0.448,0.311,2.167,59.4,3,Marcus Smart
339,19.2,14.1,1.5,30.8,1.2,11.7,2.351,0.146,0.687,0.31,0.592,0.544,0.414,0.146,0.254,3.362,60.2,3,Ish Smith
340,14.7,7.4,2.1,5.9,1.5,6.5,2.787,0.049,0.778,0.076,0.5,0.174,0.156,0.75,0.362,2.491,64.3,0,J.R. Smith
341,16.9,15.5,1.0,3.7,8.4,18.8,6.186,0.168,0.667,0.208,0.659,0.693,0.517,0.099,0.476,7.251,55.9,2,Jason Smith
342,11.7,8.5,0.9,6.0,1.2,11.9,2.009,0.106,0.757,0.158,0.709,0.163,0.456,0.679,0.401,2.43,69.2,0,Tony Snell
343,24.4,8.5,1.0,8.6,7.9,23.0,6.351,0.304,0.879,0.235,0.615,0.272,0.405,0.493,0.393,6.896,61.0,2,Marreese Speights
344,15.6,15.5,1.0,12.6,1.1,10.1,2.492,0.238,0.811,0.258,0.559,0.17,0.269,0.572,0.376,2.838,73.0,0,Nik Stauskas
345,18.8,14.5,0.5,23.8,1.5,11.5,3.412,0.139,0.6,0.292,0.714,0.556,0.45,0.153,0.091,2.218,46.2,8,Lance Stephenson
346,22.5,14.5,1.1,16.0,1.0,12.1,2.71,0.485,0.763,0.222,0.5,0.549,0.449,0.228,0.324,1.935,64.0,6,Rodney Stuckey
347,20.9,7.2,1.7,3.7,9.5,16.4,5.186,0.167,0.5,0.25,0.583,0.375,0.278,0.375,0.167,3.661,41.7,0,Jared Sullinger
348,22.2,17.3,2.1,37.8,1.5,12.6,2.347,0.471,0.852,0.249,0.551,0.498,0.446,0.254,0.352,2.347,71.1,5,Jeff Teague
349,19.9,9.9,0.5,6.7,1.6,15.1,3.499,0.127,0.778,0.106,0.567,0.152,0.419,0.742,0.348,4.794,63.0,0,Mirza Teletovic
350,13.3,13.0,2.3,12.8,2.4,9.3,2.988,0.202,0.79,0.212,0.677,0.274,0.381,0.515,0.367,2.878,66.3,0,Garrett Temple
351,9.4,12.5,1.6,10.8,1.5,6.3,2.687,0.114,0.813,0.114,0.5,0.157,0.318,0.729,0.412,1.791,77.5,0,Jason Terry
352,34.2,10.0,1.1,33.8,1.8,6.9,2.262,0.444,0.912,0.323,0.597,0.255,0.437,0.423,0.387,1.849,74.5,5,Isaiah Thomas
353,13.0,9.5,1.2,4.2,3.1,9.0,3.677,0.146,0.857,0.188,0.407,0.472,0.338,0.34,0.429,2.129,60.6,4,Lance Thomas
354,13.7,5.1,1.2,7.1,2.9,13.4,3.529,0.126,0.65,0.245,0.615,0.308,0.327,0.447,0.366,2.888,62.2,0,Hollis Thompson
355,25.6,8.8,1.1,9.0,2.4,9.4,1.991,0.162,0.841,0.155,0.634,0.383,0.469,0.461,0.422,3.143,62.1,6,Klay Thompson
356,11.3,10.1,0.9,3.9,14.1,21.3,2.856,0.524,0.515,0.701,0.653,0.289,0.466,0.01,0.0,7.108,51.2,1,Tristan Thompson
357,18.9,10.1,1.6,9.9,4.4,10.4,3.005,0.129,0.852,0.214,0.6,0.405,0.341,0.381,0.35,1.44,69.6,6,Marcus Thornton
358,13.2,12.5,1.4,6.2,5.0,14.0,2.591,0.218,0.792,0.143,0.657,0.193,0.489,0.664,0.389,4.319,69.6,0,Anthony Tolliver
359,27.4,11.6,0.9,14.3,10.8,27.2,3.013,0.301,0.828,0.379,0.687,0.43,0.445,0.191,0.339,5.853,56.2,2,Karl-Anthony Towns
360,11.4,11.8,2.6,6.2,6.1,17.4,3.164,0.218,0.792,0.32,0.522,0.295,0.404,0.385,0.338,3.053,63.0,0,P.J. Tucker
361,18.8,14.2,1.6,19.5,2.2,14.0,2.499,0.184,0.854,0.175,0.59,0.602,0.448,0.222,0.283,2.746,62.0,3,Evan Turner
362,21.0,9.9,1.3,5.9,5.9,20.0,3.804,0.385,0.797,0.283,0.724,0.564,0.457,0.153,0.362,8.356,52.2,2,Myles Turner
363,19.7,12.9,0.8,32.7,1.3,8.9,1.714,0.173,0.923,0.207,0.581,0.607,0.44,0.187,0.357,1.886,77.3,6,Beno Udrih
364,19.9,17.0,3.0,21.4,3.0,5.6,3.222,0.133,0.813,0.116,0.286,0.736,0.416,0.149,0.333,2.556,69.6,3,Tyler Ulis
365,19.7,11.9,0.9,4.4,12.1,29.4,3.719,0.305,0.852,0.461,0.604,0.539,0.48,0.0,0.0,7.025,56.7,8,Jonas Valanciunas
366,15.7,14.5,2.1,7.9,0.8,13.7,2.783,0.084,0.7,0.067,0.5,0.235,0.321,0.697,0.301,2.424,74.1,0,Denzel Valentine
367,21.4,5.7,3.5,18.6,2.3,12.6,4.469,0.18,0.818,0.333,0.4,0.367,0.318,0.3,0.389,1.986,75.0,3,Fred VanVleet
368,16.7,6.8,2.2,5.2,0.4,11.3,1.69,0.021,0.5,0.147,0.643,0.263,0.24,0.589,0.339,4.549,60.0,7,Rashad Vaughn
369,14.2,18.0,1.2,2.4,11.1,23.9,4.713,0.287,0.558,0.415,0.459,0.449,0.379,0.136,0.35,5.167,53.8,8,Noah Vonleh
370,24.4,10.7,1.7,17.4,8.3,30.9,3.006,0.156,0.616,0.215,0.618,0.714,0.444,0.071,0.28,6.126,61.8,8,Nikola Vucevic
371,15.1,12.4,2.0,13.7,1.4,14.0,3.616,0.234,0.8,0.02,0.0,0.62,0.339,0.36,0.306,2.987,68.4,4,Sasha Vujacic
372,30.0,10.5,2.6,22.9,3.9,12.5,2.222,0.298,0.797,0.246,0.566,0.602,0.407,0.152,0.322,1.975,65.0,5,Dwyane Wade
373,26.0,12.0,1.5,23.1,1.5,11.3,2.643,0.193,0.667,0.361,0.5,0.335,0.371,0.303,0.384,3.5,54.9,6,Dion Waiters
374,28.8,10.4,1.7,29.2,2.0,10.9,1.701,0.259,0.835,0.325,0.582,0.286,0.36,0.388,0.395,2.217,64.7,5,Kemba Walker
375,30.5,16.7,2.9,46.4,2.5,10.9,1.967,0.344,0.812,0.354,0.601,0.455,0.395,0.191,0.313,2.19,56.8,5,John Wall
376,17.4,16.4,1.8,8.7,2.2,17.9,3.977,0.311,0.906,0.252,0.462,0.359,0.405,0.388,0.275,3.977,51.3,4,Taurean Waller-Prince
377,19.5,5.7,1.9,5.3,6.0,8.9,3.296,0.188,0.784,0.268,0.681,0.59,0.405,0.142,0.247,2.563,62.6,6,T.J. Warren
378,13.8,14.9,2.1,15.6,1.4,8.3,2.605,0.317,0.86,0.205,0.5,0.375,0.394,0.42,0.338,1.814,71.8,3,C.J. Watson
379,17.0,21.9,2.8,23.8,6.4,18.6,4.463,0.261,0.743,0.284,0.658,0.687,0.5,0.03,0.5,7.736,58.7,2,David West
380,41.8,16.1,2.3,56.3,5.8,27.5,2.498,0.441,0.828,0.297,0.583,0.429,0.365,0.274,0.338,2.207,69.4,5,Russell Westbrook
381,10.8,16.4,0.7,3.7,4.4,12.7,4.46,0.41,0.938,0.256,0.6,0.256,0.4,0.487,0.421,5.735,63.9,4,Okaro White
382,18.6,21.0,1.2,20.2,1.6,10.0,4.156,0.189,0.825,0.387,0.488,0.345,0.33,0.267,0.315,3.538,63.1,4,Isaiah Whitehead
383,22.7,12.4,1.1,3.4,11.8,35.2,3.364,0.358,0.568,0.432,0.747,0.568,0.421,0.0,0.0,7.065,49.1,8,Hassan Whiteside
384,28.2,9.7,1.2,11.6,3.9,9.2,2.055,0.342,0.753,0.269,0.658,0.539,0.404,0.192,0.355,3.906,66.5,6,Andrew Wiggins
385,20.3,16.5,2.1,1.9,20.2,30.0,8.122,0.455,0.56,0.473,0.577,0.527,0.483,0.0,0.0,8.78,72.5,8,Alan Williams
386,23.8,16.5,1.1,40.0,1.2,9.4,2.951,0.185,0.821,0.13,0.542,0.47,0.469,0.4,0.348,2.091,70.6,3,Deron Williams
387,19.2,7.9,1.1,5.5,3.7,16.2,3.0,0.427,0.642,0.373,0.561,0.281,0.442,0.346,0.226,3.385,65.9,6,Derrick Williams
388,30.6,11.9,2.3,22.8,1.0,9.5,1.719,0.469,0.884,0.204,0.647,0.367,0.396,0.429,0.386,2.181,70.6,5,Lou Williams
389,17.4,6.6,1.3,6.6,3.6,17.3,2.1,0.172,0.843,0.205,0.582,0.278,0.383,0.518,0.347,3.415,58.5,6,Marvin Williams
390,17.3,16.9,3.0,7.3,1.6,10.6,3.617,0.205,0.6,0.467,0.561,0.197,0.375,0.336,0.244,2.325,55.6,0,Troy Williams
391,19.9,11.8,2.2,15.7,4.0,12.5,2.995,0.208,0.617,0.326,0.459,0.52,0.331,0.154,0.2,3.802,65.2,3,Justise Winslow
392,14.0,11.9,1.9,1.2,12.8,19.5,4.143,0.519,0.786,0.741,0.575,0.241,0.385,0.019,0.0,11.143,60.3,1,Jeff Withey
393,20.8,5.9,1.4,1.7,10.0,10.5,2.919,0.205,0.556,0.711,0.594,0.267,0.5,0.022,0.0,5.838,61.1,8,Brandan Wright
394,14.0,4.2,1.6,3.9,4.4,11.7,2.571,0.163,0.714,0.2,0.875,0.275,0.364,0.525,0.429,3.039,61.5,7,James Young
395,28.0,5.3,1.6,18.9,0.9,11.9,1.488,0.197,0.692,0.167,0.545,0.485,0.406,0.348,0.217,2.678,88.9,6,Joe Young
396,19.4,4.9,1.2,6.5,1.9,7.9,3.251,0.158,0.849,0.084,0.63,0.265,0.448,0.651,0.413,2.585,76.3,6,Nick Young
397,16.6,13.1,2.9,8.1,5.5,16.4,2.244,0.136,0.571,0.36,0.653,0.401,0.473,0.239,0.396,3.425,58.6,7,Thaddeus Young
398,16.6,12.6,1.4,8.7,9.3,16.7,4.276,0.473,0.692,0.652,0.652,0.348,0.474,0.0,0.0,6.724,52.8,1,Cody Zeller
399,16.5,9.2,0.7,12.1,10.1,17.7,3.835,0.205,0.577,0.492,0.59,0.5,0.355,0.008,0.0,6.625,55.3,8,Tyler Zeller
400,14.7,13.6,1.0,4.1,2.4,13.8,2.469,0.275,0.8,0.198,0.5,0.297,0.333,0.505,0.283,4.629,60.0,4,Paul Zipser
401,20.1,12.5,0.8,6.4,9.6,22.8,3.777,0.209,0.75,0.456,0.5,0.544,0.516,0.0,0.0,12.63,57.0,8,Ivica Zubac
